match_id,map_id,played_at,team_a,team_b,winner,map_order
295605,153722,2024-02-16T22:00:00+00:00,1034,2406,1034,1
295605,153723,2024-02-16T22:00:00+00:00,1034,2406,1034,2
295606,153725,2024-02-17T01:00:00+00:00,188,7386,188,1
295606,153726,2024-02-17T01:00:00+00:00,188,7386,7386,2
295606,153727,2024-02-17T01:00:00+00:00,188,7386,188,3
296735,155129,2024-02-17T06:00:00+00:00,14,6387,14,1
296735,155130,2024-02-17T06:00:00+00:00,14,6387,14,2
296745,155159,2024-02-17T13:45:00+00:00,17,878,17,1
296745,155160,2024-02-17T13:45:00+00:00,17,878,878,2
296745,155161,2024-02-17T13:45:00+00:00,17,878,17,3
295610,153737,2024-02-17T22:00:00+00:00,6961,2,6961,1
295610,153738,2024-02-17T22:00:00+00:00,6961,2,6961,2
295611,153740,2024-02-18T00:35:00+00:00,2359,120,2359,1
295611,153741,2024-02-18T00:35:00+00:00,2359,120,120,2
295611,153742,2024-02-18T00:35:00+00:00,2359,120,2359,3
296730,155114,2024-02-18T06:00:00+00:00,5448,918,5448,1
296730,155115,2024-02-18T06:00:00+00:00,5448,918,5448,2
296731,155117,2024-02-18T08:30:00+00:00,6199,8304,8304,1
296731,155118,2024-02-18T08:30:00+00:00,6199,8304,8304,2
296736,155132,2024-02-18T10:30:00+00:00,8185,278,8185,1
296736,155133,2024-02-18T10:30:00+00:00,8185,278,8185,2
295615,153752,2024-02-18T22:00:00+00:00,2355,11058,2355,1
295615,153753,2024-02-18T22:00:00+00:00,2355,11058,11058,2
295615,153754,2024-02-18T22:00:00+00:00,2355,11058,11058,3
296747,155165,2024-02-19T06:00:00+00:00,17,624,17,1
296747,155166,2024-02-19T06:00:00+00:00,17,624,624,2
296747,155167,2024-02-19T06:00:00+00:00,17,624,624,3
296738,155138,2024-02-19T09:15:00+00:00,6387,918,918,1
296738,155139,2024-02-19T09:15:00+00:00,6387,918,6387,2
296738,155140,2024-02-19T09:15:00+00:00,6387,918,918,3
296737,155135,2024-02-19T13:00:00+00:00,14,5448,5448,1
296737,155136,2024-02-19T13:00:00+00:00,14,5448,14,2
296737,155137,2024-02-19T13:00:00+00:00,14,5448,14,3
295608,153731,2024-02-19T22:00:00+00:00,2406,7386,7386,1
295608,153732,2024-02-19T22:00:00+00:00,2406,7386,7386,2
295613,153746,2024-02-20T00:45:00+00:00,2,120,2,1
295613,153747,2024-02-20T00:45:00+00:00,2,120,120,2
295613,153748,2024-02-20T00:45:00+00:00,2,120,2,3
296733,155123,2024-02-20T08:00:00+00:00,278,6199,6199,1
296733,155124,2024-02-20T08:00:00+00:00,278,6199,6199,2
296732,155120,2024-02-20T10:20:00+00:00,8185,8304,8185,1
296732,155121,2024-02-20T10:20:00+00:00,8185,8304,8185,2
297401,156072,2024-02-20T16:00:00+00:00,1184,1001,1001,1
297401,156073,2024-02-20T16:00:00+00:00,1184,1001,1001,2
297402,156075,2024-02-20T18:35:00+00:00,14419,8877,8877,1
297402,156076,2024-02-20T18:35:00+00:00,14419,8877,14419,2
297402,156077,2024-02-20T18:35:00+00:00,14419,8877,8877,3
296749,155171,2024-02-21T06:00:00+00:00,17,878,17,1
296749,155172,2024-02-21T06:00:00+00:00,17,878,878,2
296749,155173,2024-02-21T06:00:00+00:00,17,878,17,3
296734,155126,2024-02-21T09:30:00+00:00,8304,6199,6199,1
296734,155127,2024-02-21T09:30:00+00:00,8304,6199,6199,2
296739,155141,2024-02-21T12:15:00+00:00,5448,918,5448,1
296739,155142,2024-02-21T12:15:00+00:00,5448,918,5448,2
297406,156087,2024-02-21T13:00:00+00:00,4915,397,397,1
297406,156088,2024-02-21T13:00:00+00:00,4915,397,4915,2
297406,156089,2024-02-21T13:00:00+00:00,4915,397,4915,3
297407,156090,2024-02-21T16:00:00+00:00,474,7035,474,1
297407,156091,2024-02-21T16:00:00+00:00,474,7035,474,2
297412,156102,2024-02-21T18:45:00+00:00,2059,12694,2059,1
297412,156103,2024-02-21T18:45:00+00:00,2059,12694,2059,2
297254,155762,2024-02-22T06:00:00+00:00,6199,17,6199,1
297254,155763,2024-02-22T06:00:00+00:00,6199,17,17,2
297254,155764,2024-02-22T06:00:00+00:00,6199,17,17,3
298687,157884,2024-02-22T09:00:00+00:00,12685,731,12685,1
298687,157885,2024-02-22T09:00:00+00:00,12685,731,12685,2
297253,155759,2024-02-22T09:20:00+00:00,5448,6199,6199,1
297253,155760,2024-02-22T09:20:00+00:00,5448,6199,6199,2
298688,157888,2024-02-22T11:05:00+00:00,11328,12064,11328,1
298688,161387,2024-02-22T11:05:00+00:00,11328,12064,11328,2
297255,155765,2024-02-22T11:30:00+00:00,17,5448,17,1
297255,155766,2024-02-22T11:30:00+00:00,17,5448,17,2
297403,156078,2024-02-22T16:00:00+00:00,1001,8877,1001,1
297403,156079,2024-02-22T16:00:00+00:00,1001,8877,1001,2
297404,156081,2024-02-22T18:10:00+00:00,1184,14419,1184,1
297404,156082,2024-02-22T18:10:00+00:00,1184,14419,14419,2
297404,156083,2024-02-22T18:10:00+00:00,1184,14419,1184,3
298692,157899,2024-02-23T07:00:00+00:00,13576,14137,14137,1
298692,157900,2024-02-23T07:00:00+00:00,13576,14137,14137,2
298693,157902,2024-02-23T09:55:00+00:00,11981,1119,11981,1
298693,157903,2024-02-23T09:55:00+00:00,11981,1119,11981,2
298697,157914,2024-02-23T12:05:00+00:00,12010,13790,13790,1
298697,157915,2024-02-23T12:05:00+00:00,12010,13790,13790,2
297408,156093,2024-02-23T13:00:00+00:00,4915,474,4915,1
297408,156094,2024-02-23T13:00:00+00:00,4915,474,4915,2
297409,156096,2024-02-23T15:10:00+00:00,397,7035,7035,1
297409,156097,2024-02-23T15:10:00+00:00,397,7035,7035,2
297414,156108,2024-02-23T17:20:00+00:00,2059,2593,2593,1
297414,156109,2024-02-23T17:20:00+00:00,2059,2593,2593,2
295607,153728,2024-02-23T22:00:00+00:00,1034,188,1034,1
295607,153729,2024-02-23T22:00:00+00:00,1034,188,1034,2
295612,153743,2024-02-24T00:25:00+00:00,6961,2359,2359,1
295612,153744,2024-02-24T00:25:00+00:00,6961,2359,6961,2
295612,153745,2024-02-24T00:25:00+00:00,6961,2359,6961,3
297256,155768,2024-02-24T08:00:00+00:00,14,624,624,1
297256,155769,2024-02-24T08:00:00+00:00,14,624,624,2
298690,157893,2024-02-24T09:00:00+00:00,731,12064,12064,1
298690,157894,2024-02-24T09:00:00+00:00,731,12064,12064,2
297257,155771,2024-02-24T10:25:00+00:00,8185,17,17,1
297257,155772,2024-02-24T10:25:00+00:00,8185,17,17,2
298695,157908,2024-02-24T11:25:00+00:00,13576,1119,13576,1
298695,157909,2024-02-24T11:25:00+00:00,13576,1119,13576,2
295617,153758,2024-02-24T22:00:00+00:00,11058,5248,5248,1
295617,153759,2024-02-24T22:00:00+00:00,11058,5248,5248,2
298689,157890,2024-02-25T07:00:00+00:00,12685,11328,11328,1
298689,157891,2024-02-25T07:00:00+00:00,12685,11328,12685,2
298689,157892,2024-02-25T07:00:00+00:00,12685,11328,11328,3
297258,155774,2024-02-25T08:00:00+00:00,624,17,17,1
297258,155775,2024-02-25T08:00:00+00:00,624,17,624,2
297258,155776,2024-02-25T08:00:00+00:00,624,17,17,3
297258,155777,2024-02-25T08:00:00+00:00,624,17,17,4
298694,157905,2024-02-25T10:30:00+00:00,14137,11981,11981,1
298694,157906,2024-02-25T10:30:00+00:00,14137,11981,14137,2
298694,157907,2024-02-25T10:30:00+00:00,14137,11981,11981,3
297416,156114,2024-02-25T13:05:00+00:00,2059,12694,12694,1
297416,156115,2024-02-25T13:05:00+00:00,2059,12694,2059,2
297416,156116,2024-02-25T13:05:00+00:00,2059,12694,2059,3
298698,157917,2024-02-25T14:00:00+00:00,13790,1120,1120,1
298698,157918,2024-02-25T14:00:00+00:00,13790,1120,13790,2
298698,157919,2024-02-25T14:00:00+00:00,13790,1120,1120,3
297405,156084,2024-02-25T16:15:00+00:00,8877,1184,8877,1
297405,156085,2024-02-25T16:15:00+00:00,8877,1184,1184,2
297405,156086,2024-02-25T16:15:00+00:00,8877,1184,8877,3
297410,156099,2024-02-25T19:45:00+00:00,474,7035,7035,1
297410,156100,2024-02-25T19:45:00+00:00,474,7035,474,2
297410,156101,2024-02-25T19:45:00+00:00,474,7035,7035,3
295609,153734,2024-02-25T20:00:00+00:00,188,7386,7386,1
295609,153735,2024-02-25T20:00:00+00:00,188,7386,7386,2
295614,153749,2024-02-25T22:40:00+00:00,2359,2,2,1
295614,153750,2024-02-25T22:40:00+00:00,2359,2,2359,2
295614,153751,2024-02-25T22:40:00+00:00,2359,2,2,3
295619,153764,2024-02-26T01:55:00+00:00,11058,2355,11058,1
295619,153765,2024-02-26T01:55:00+00:00,11058,2355,11058,2
298691,157896,2024-02-26T07:00:00+00:00,12685,12064,12685,1
298691,157897,2024-02-26T07:00:00+00:00,12685,12064,12685,2
298696,157911,2024-02-26T09:05:00+00:00,14137,13576,13576,1
298696,157912,2024-02-26T09:05:00+00:00,14137,13576,14137,2
298696,157913,2024-02-26T09:05:00+00:00,14137,13576,14137,3
298699,157920,2024-02-26T12:40:00+00:00,13790,12010,12010,1
298699,157921,2024-02-26T12:40:00+00:00,13790,12010,12010,2
307567,161394,2024-02-26T13:00:00+00:00,8877,2059,8877,1
307567,161395,2024-02-26T13:00:00+00:00,8877,2059,8877,2
307565,161391,2024-02-26T15:45:00+00:00,7035,2059,2059,1
307565,161392,2024-02-26T15:45:00+00:00,7035,2059,2059,2
307564,161388,2024-02-26T17:45:00+00:00,8877,7035,8877,1
307564,161389,2024-02-26T17:45:00+00:00,8877,7035,8877,2
307572,161397,2024-02-26T20:00:00+00:00,7386,2,2,1
307572,161398,2024-02-26T20:00:00+00:00,7386,2,2,2
307573,161400,2024-02-26T22:10:00+00:00,11058,7386,7386,1
307573,161401,2024-02-26T22:10:00+00:00,11058,7386,11058,2
307573,161402,2024-02-26T22:10:00+00:00,11058,7386,7386,3
307574,161403,2024-02-27T01:55:00+00:00,2,11058,2,1
307574,161404,2024-02-27T01:55:00+00:00,2,11058,11058,2
307574,161405,2024-02-27T01:55:00+00:00,2,11058,11058,3
298830,157946,2024-02-27T07:00:00+00:00,12685,14137,14137,1
298830,157947,2024-02-27T07:00:00+00:00,12685,14137,12685,2
298830,157948,2024-02-27T07:00:00+00:00,12685,14137,12685,3
298831,157949,2024-02-27T10:35:00+00:00,12010,14137,12010,1
298831,157950,2024-02-27T10:35:00+00:00,12010,14137,12010,2
298832,157952,2024-02-27T12:35:00+00:00,12010,12685,12010,1
298832,157953,2024-02-27T12:35:00+00:00,12010,12685,12685,2
298832,157954,2024-02-27T12:35:00+00:00,12010,12685,12685,3
303093,160735,2024-02-29T16:00:00+00:00,1001,4915,1001,1
303093,160736,2024-02-29T16:00:00+00:00,1001,4915,1001,2
303094,160738,2024-02-29T18:20:00+00:00,2593,8877,8877,1
303094,160739,2024-02-29T18:20:00+00:00,2593,8877,8877,2
298833,157955,2024-03-01T09:00:00+00:00,11328,11981,11328,1
298833,157956,2024-03-01T09:00:00+00:00,11328,11981,11328,2
298834,157958,2024-03-01T11:15:00+00:00,1120,12685,1120,1
298834,157959,2024-03-01T11:15:00+00:00,1120,12685,1120,2
303095,160741,2024-03-01T16:00:00+00:00,1001,8877,1001,1
303095,160742,2024-03-01T16:00:00+00:00,1001,8877,8877,2
303095,160743,2024-03-01T16:00:00+00:00,1001,8877,8877,3
303095,160744,2024-03-01T16:00:00+00:00,1001,8877,8877,4
298835,157961,2024-03-02T09:00:00+00:00,11328,1120,1120,1
298835,157962,2024-03-02T09:00:00+00:00,11328,1120,1120,2
298835,157963,2024-03-02T09:00:00+00:00,11328,1120,11328,3
298835,157964,2024-03-02T09:00:00+00:00,11328,1120,1120,4
303087,160718,2024-03-02T22:00:00+00:00,5248,6961,5248,1
303087,160719,2024-03-02T22:00:00+00:00,5248,6961,6961,2
303087,160720,2024-03-02T22:00:00+00:00,5248,6961,6961,3
303088,160721,2024-03-03T01:00:00+00:00,1034,2,2,1
303088,160722,2024-03-03T01:00:00+00:00,1034,2,1034,2
303088,160723,2024-03-03T01:00:00+00:00,1034,2,2,3
303086,160715,2024-03-03T22:00:00+00:00,6961,2,2,1
303086,160716,2024-03-03T22:00:00+00:00,6961,2,2,2
303086,160717,2024-03-03T22:00:00+00:00,6961,2,6961,3
303086,160724,2024-03-03T22:00:00+00:00,6961,2,6961,4
303086,160725,2024-03-03T22:00:00+00:00,6961,2,2,5
312765,162326,2024-03-14T15:00:00+00:00,8877,11328,8877,1
312765,162327,2024-03-14T15:00:00+00:00,8877,11328,8877,2
312766,162329,2024-03-14T17:25:00+00:00,17,6961,17,1
312766,162330,2024-03-14T17:25:00+00:00,17,6961,6961,2
312766,162331,2024-03-14T17:25:00+00:00,17,6961,17,3
312767,162332,2024-03-15T15:00:00+00:00,1120,624,624,1
312767,162333,2024-03-15T15:00:00+00:00,1120,624,1120,2
312767,162334,2024-03-15T15:00:00+00:00,1120,624,1120,3
312768,162335,2024-03-15T18:15:00+00:00,2,1001,2,1
312768,162336,2024-03-15T18:15:00+00:00,2,1001,1001,2
312768,162337,2024-03-15T18:15:00+00:00,2,1001,2,3
312798,162361,2024-03-16T15:00:00+00:00,2,8877,2,1
312798,162362,2024-03-16T15:00:00+00:00,2,8877,2,2
312797,162358,2024-03-16T17:25:00+00:00,1120,17,1120,1
312797,162359,2024-03-16T17:25:00+00:00,1120,17,17,2
312797,162360,2024-03-16T17:25:00+00:00,1120,17,17,3
312800,162367,2024-03-17T15:00:00+00:00,11328,6961,6961,1
312800,162368,2024-03-17T15:00:00+00:00,11328,6961,6961,2
312799,162364,2024-03-17T17:20:00+00:00,1001,624,624,1
312799,162365,2024-03-17T17:20:00+00:00,1001,624,1001,2
312799,162366,2024-03-17T17:20:00+00:00,1001,624,624,3
312803,162373,2024-03-18T15:00:00+00:00,6961,1120,6961,1
312803,162374,2024-03-18T15:00:00+00:00,6961,1120,6961,2
312802,162370,2024-03-18T16:55:00+00:00,8877,624,624,1
312802,162371,2024-03-18T16:55:00+00:00,8877,624,8877,2
312802,162372,2024-03-18T16:55:00+00:00,8877,624,624,3
312777,162341,2024-03-21T15:00:00+00:00,17,624,17,1
312777,162342,2024-03-21T15:00:00+00:00,17,624,17,2
312776,162338,2024-03-21T17:10:00+00:00,2,6961,2,1
312776,162339,2024-03-21T17:10:00+00:00,2,6961,6961,2
312776,162340,2024-03-21T17:10:00+00:00,2,6961,2,3
312778,162344,2024-03-22T15:00:00+00:00,17,2,17,1
312778,162345,2024-03-22T15:00:00+00:00,17,2,2,2
312778,162346,2024-03-22T15:00:00+00:00,17,2,17,3
312780,162352,2024-03-22T17:55:00+00:00,624,6961,624,1
312780,163448,2024-03-22T17:55:00+00:00,624,6961,624,2
312781,162353,2024-03-23T15:00:00+00:00,2,624,2,1
312781,162354,2024-03-23T15:00:00+00:00,2,624,2,2
312781,162355,2024-03-23T15:00:00+00:00,2,624,624,3
312781,162356,2024-03-23T15:00:00+00:00,2,624,2,4
312779,162347,2024-03-24T16:15:00+00:00,17,2,17,1
312779,162348,2024-03-24T16:15:00+00:00,17,2,2,2
312779,162349,2024-03-24T16:15:00+00:00,17,2,17,3
312779,162350,2024-03-24T16:15:00+00:00,17,2,2,4
312779,162351,2024-03-24T16:15:00+00:00,17,2,2,5
318911,164091,2024-04-03T15:00:00+00:00,8877,14419,8877,1
318911,164092,2024-04-03T15:00:00+00:00,8877,14419,8877,2
318913,164094,2024-04-03T17:05:00+00:00,7035,474,474,1
318913,164095,2024-04-03T17:05:00+00:00,7035,474,474,2
318914,164097,2024-04-04T15:00:00+00:00,2059,4915,4915,1
318914,164098,2024-04-04T15:00:00+00:00,2059,4915,4915,2
318915,164100,2024-04-04T17:10:00+00:00,2593,1001,1001,1
318915,164101,2024-04-04T17:10:00+00:00,2593,1001,1001,2
319765,164237,2024-04-05T09:00:00+00:00,12010,731,731,1
319765,164238,2024-04-05T09:00:00+00:00,12010,731,12010,2
319765,164239,2024-04-05T09:00:00+00:00,12010,731,12010,3
319766,164240,2024-04-05T12:10:00+00:00,13790,14137,13790,1
319766,164241,2024-04-05T12:10:00+00:00,13790,14137,14137,2
319766,164242,2024-04-05T12:10:00+00:00,13790,14137,14137,3
318916,164103,2024-04-05T15:00:00+00:00,474,1184,1184,1
318916,164104,2024-04-05T15:00:00+00:00,474,1184,1184,2
318917,164106,2024-04-05T17:00:00+00:00,397,12694,12694,1
318917,164107,2024-04-05T17:00:00+00:00,397,12694,12694,2
314301,163149,2024-04-06T08:00:00+00:00,918,5448,5448,1
314301,163150,2024-04-06T08:00:00+00:00,918,5448,918,2
314301,163151,2024-04-06T08:00:00+00:00,918,5448,5448,3
319767,164243,2024-04-06T09:00:00+00:00,11981,1119,11981,1
319767,164244,2024-04-06T09:00:00+00:00,11981,1119,1119,2
319767,164245,2024-04-06T09:00:00+00:00,11981,1119,1119,3
314302,163152,2024-04-06T11:00:00+00:00,6199,8185,8185,1
314302,163153,2024-04-06T11:00:00+00:00,6199,8185,8185,2
319768,164246,2024-04-06T12:45:00+00:00,1120,13576,1120,1
319768,164247,2024-04-06T12:45:00+00:00,1120,13576,13576,2
319768,164248,2024-04-06T12:45:00+00:00,1120,13576,1120,3
314622,163351,2024-04-06T21:00:00+00:00,188,2359,2359,1
314622,163352,2024-04-06T21:00:00+00:00,188,2359,188,2
314622,163353,2024-04-06T21:00:00+00:00,188,2359,188,3
314623,163354,2024-04-07T01:00:00+00:00,1034,6961,1034,1
314623,163355,2024-04-07T01:00:00+00:00,1034,6961,1034,2
314303,163155,2024-04-07T08:00:00+00:00,6387,8304,6387,1
314303,163156,2024-04-07T08:00:00+00:00,6387,8304,8304,2
314303,163157,2024-04-07T08:00:00+00:00,6387,8304,8304,3
319769,164249,2024-04-07T09:00:00+00:00,12064,12685,12685,1
319769,164250,2024-04-07T09:00:00+00:00,12064,12685,12685,2
314304,163158,2024-04-07T11:15:00+00:00,14,624,624,1
314304,163159,2024-04-07T11:15:00+00:00,14,624,624,2
319770,164252,2024-04-07T11:15:00+00:00,11328,13790,11328,1
319770,164253,2024-04-07T11:15:00+00:00,11328,13790,11328,2
314624,163357,2024-04-07T21:00:00+00:00,11058,5248,11058,1
314624,163358,2024-04-07T21:00:00+00:00,11058,5248,11058,2
314625,163360,2024-04-07T23:10:00+00:00,2,120,2,1
314625,163361,2024-04-07T23:10:00+00:00,2,120,2,2
314305,163161,2024-04-08T08:00:00+00:00,6199,878,878,1
314305,163162,2024-04-08T08:00:00+00:00,6199,878,6199,2
314305,163163,2024-04-08T08:00:00+00:00,6199,878,878,3
314306,163164,2024-04-08T11:20:00+00:00,918,8185,8185,1
314306,163165,2024-04-08T11:20:00+00:00,918,8185,8185,2
314626,163363,2024-04-08T21:00:00+00:00,2355,2406,2355,1
314626,163364,2024-04-08T21:00:00+00:00,2355,2406,2406,2
314626,163365,2024-04-08T21:00:00+00:00,2355,2406,2355,3
314307,163167,2024-04-09T08:00:00+00:00,17,8304,17,1
314307,163168,2024-04-09T08:00:00+00:00,17,8304,17,2
314308,163170,2024-04-09T10:10:00+00:00,14,278,278,1
314308,163171,2024-04-09T10:10:00+00:00,14,278,14,2
314308,163172,2024-04-09T10:10:00+00:00,14,278,278,3
318918,164109,2024-04-10T15:00:00+00:00,8877,1184,8877,1
318918,164110,2024-04-10T15:00:00+00:00,8877,1184,1184,2
318918,164111,2024-04-10T15:00:00+00:00,8877,1184,1184,3
318919,164112,2024-04-10T18:10:00+00:00,2059,1001,2059,1
318919,164113,2024-04-10T18:10:00+00:00,2059,1001,1001,2
318919,164114,2024-04-10T18:10:00+00:00,2059,1001,2059,3
318920,164115,2024-04-11T15:00:00+00:00,474,4915,474,1
318920,164116,2024-04-11T15:00:00+00:00,474,4915,4915,2
318920,164117,2024-04-11T15:00:00+00:00,474,4915,4915,3
318921,164118,2024-04-11T18:20:00+00:00,397,7035,397,1
318921,164119,2024-04-11T18:20:00+00:00,397,7035,397,2
319771,164255,2024-04-12T09:00:00+00:00,13576,12064,13576,1
319771,164256,2024-04-12T09:00:00+00:00,13576,12064,12064,2
319771,164257,2024-04-12T09:00:00+00:00,13576,12064,12064,3
319772,164258,2024-04-12T12:15:00+00:00,11328,11981,11328,1
319772,164259,2024-04-12T12:15:00+00:00,11328,11981,11981,2
319772,164260,2024-04-12T12:15:00+00:00,11328,11981,11328,3
318922,164121,2024-04-12T15:00:00+00:00,2593,14419,2593,1
318922,164122,2024-04-12T15:00:00+00:00,2593,14419,14419,2
318922,164123,2024-04-12T15:00:00+00:00,2593,14419,2593,3
318923,164124,2024-04-12T17:45:00+00:00,8877,12694,8877,1
318923,164125,2024-04-12T17:45:00+00:00,8877,12694,8877,2
314309,163173,2024-04-13T08:00:00+00:00,17,624,17,1
314309,163174,2024-04-13T08:00:00+00:00,17,624,624,2
314309,163175,2024-04-13T08:00:00+00:00,17,624,624,3
319773,164261,2024-04-13T09:00:00+00:00,1119,13790,13790,1
319773,164262,2024-04-13T09:00:00+00:00,1119,13790,13790,2
314310,163176,2024-04-13T11:10:00+00:00,14,8185,14,1
314310,163177,2024-04-13T11:10:00+00:00,14,8185,8185,2
314310,163178,2024-04-13T11:10:00+00:00,14,8185,8185,3
319774,164264,2024-04-13T11:45:00+00:00,12685,12010,12010,1
319774,164265,2024-04-13T11:45:00+00:00,12685,12010,12685,2
319774,164266,2024-04-13T11:45:00+00:00,12685,12010,12685,3
314628,163366,2024-04-13T21:00:00+00:00,11058,120,120,1
314628,163367,2024-04-13T21:00:00+00:00,11058,120,120,2
314629,163369,2024-04-13T23:25:00+00:00,2,2359,2359,1
314629,163370,2024-04-13T23:25:00+00:00,2,2359,2359,2
314311,163179,2024-04-14T08:00:00+00:00,6199,5448,6199,1
314311,163180,2024-04-14T08:00:00+00:00,6199,5448,5448,2
314311,163181,2024-04-14T08:00:00+00:00,6199,5448,6199,3
319775,164267,2024-04-14T09:00:00+00:00,11981,14137,14137,1
319775,164268,2024-04-14T09:00:00+00:00,11981,14137,11981,2
319775,164269,2024-04-14T09:00:00+00:00,11981,14137,11981,3
314312,163182,2024-04-14T11:00:00+00:00,6387,878,878,1
314312,163183,2024-04-14T11:00:00+00:00,6387,878,878,2
319776,164270,2024-04-14T11:50:00+00:00,731,1120,1120,1
319776,164271,2024-04-14T11:50:00+00:00,731,1120,1120,2
314630,163372,2024-04-14T21:00:00+00:00,2355,7386,2355,1
314630,163373,2024-04-14T21:00:00+00:00,2355,7386,2355,2
314631,163375,2024-04-14T23:20:00+00:00,1034,2406,1034,1
314631,163376,2024-04-14T23:20:00+00:00,1034,2406,1034,2
314313,163185,2024-04-15T08:00:00+00:00,17,278,17,1
314313,163186,2024-04-15T08:00:00+00:00,17,278,17,2
314314,163188,2024-04-15T10:10:00+00:00,918,8304,918,1
314314,163189,2024-04-15T10:10:00+00:00,918,8304,8304,2
314314,163190,2024-04-15T10:10:00+00:00,918,8304,8304,3
314632,163378,2024-04-15T21:00:00+00:00,188,5248,5248,1
314632,163379,2024-04-15T21:00:00+00:00,188,5248,188,2
314632,163380,2024-04-15T21:00:00+00:00,188,5248,188,3
314315,163191,2024-04-16T08:00:00+00:00,14,878,14,1
314315,163192,2024-04-16T08:00:00+00:00,14,878,14,2
314316,163194,2024-04-16T10:00:00+00:00,6387,5448,5448,1
314316,163195,2024-04-16T10:00:00+00:00,6387,5448,6387,2
314316,163196,2024-04-16T10:00:00+00:00,6387,5448,5448,3
318924,164127,2024-04-17T15:00:00+00:00,12694,2593,2593,1
318924,164128,2024-04-17T15:00:00+00:00,12694,2593,2593,2
318925,164130,2024-04-17T17:00:00+00:00,8877,4915,8877,1
318925,164131,2024-04-17T17:00:00+00:00,8877,4915,4915,2
318925,164132,2024-04-17T17:00:00+00:00,8877,4915,4915,3
318926,164133,2024-04-18T15:00:00+00:00,397,1001,397,1
318926,164134,2024-04-18T15:00:00+00:00,397,1001,397,2
318927,164136,2024-04-18T17:15:00+00:00,2059,1184,1184,1
318927,164137,2024-04-18T17:15:00+00:00,2059,1184,2059,2
318927,164138,2024-04-18T17:15:00+00:00,2059,1184,2059,3
319777,164273,2024-04-19T09:00:00+00:00,13790,12685,12685,1
319777,164274,2024-04-19T09:00:00+00:00,13790,12685,12685,2
319778,164276,2024-04-19T11:25:00+00:00,12064,11328,11328,1
319778,164277,2024-04-19T11:25:00+00:00,12064,11328,11328,2
318928,164139,2024-04-19T15:00:00+00:00,474,14419,14419,1
318928,164140,2024-04-19T15:00:00+00:00,474,14419,474,2
318928,164141,2024-04-19T15:00:00+00:00,474,14419,474,3
318929,164142,2024-04-19T18:55:00+00:00,2593,7035,2593,1
318929,164143,2024-04-19T18:55:00+00:00,2593,7035,2593,2
314317,163197,2024-04-20T08:00:00+00:00,17,8185,8185,1
314317,163198,2024-04-20T08:00:00+00:00,17,8185,17,2
314317,163199,2024-04-20T08:00:00+00:00,17,8185,8185,3
319779,164279,2024-04-20T09:00:00+00:00,12010,1119,1119,1
319779,164280,2024-04-20T09:00:00+00:00,12010,1119,1119,2
314318,163200,2024-04-20T11:15:00+00:00,6387,278,278,1
314318,163201,2024-04-20T11:15:00+00:00,6387,278,6387,2
314318,163202,2024-04-20T11:15:00+00:00,6387,278,6387,3
319780,164282,2024-04-20T11:40:00+00:00,11981,13576,11981,1
319780,164283,2024-04-20T11:40:00+00:00,11981,13576,13576,2
319780,164284,2024-04-20T11:40:00+00:00,11981,13576,11981,3
314634,163381,2024-04-20T21:00:00+00:00,2,7386,2,1
314634,163382,2024-04-20T21:00:00+00:00,2,7386,2,2
314635,163384,2024-04-20T23:30:00+00:00,188,6961,6961,1
314635,163385,2024-04-20T23:30:00+00:00,188,6961,188,2
314635,163386,2024-04-20T23:30:00+00:00,188,6961,188,3
314319,163203,2024-04-21T08:00:00+00:00,918,878,918,1
314319,163204,2024-04-21T08:00:00+00:00,918,878,918,2
319781,164285,2024-04-21T09:00:00+00:00,731,12064,12064,1
319781,164286,2024-04-21T09:00:00+00:00,731,12064,731,2
319781,164287,2024-04-21T09:00:00+00:00,731,12064,731,3
314320,163206,2024-04-21T11:00:00+00:00,6199,624,6199,1
314320,163207,2024-04-21T11:00:00+00:00,6199,624,6199,2
319782,164288,2024-04-21T13:00:00+00:00,1120,14137,1120,1
319782,164289,2024-04-21T13:00:00+00:00,1120,14137,1120,2
314636,163387,2024-04-21T21:00:00+00:00,2355,5248,2355,1
314636,163388,2024-04-21T21:00:00+00:00,2355,5248,2355,2
314637,163390,2024-04-21T23:15:00+00:00,1034,2359,2359,1
314637,163391,2024-04-21T23:15:00+00:00,1034,2359,2359,2
314321,163209,2024-04-22T08:00:00+00:00,14,8304,8304,1
314321,163210,2024-04-22T08:00:00+00:00,14,8304,8304,2
314322,163212,2024-04-22T10:15:00+00:00,17,5448,17,1
314322,163213,2024-04-22T10:15:00+00:00,17,5448,17,2
314638,163393,2024-04-22T21:00:00+00:00,11058,2406,11058,1
314638,163394,2024-04-22T21:00:00+00:00,11058,2406,11058,2
314639,163396,2024-04-22T23:00:00+00:00,188,120,120,1
314639,163397,2024-04-22T23:00:00+00:00,188,120,120,2
314323,163215,2024-04-23T08:00:00+00:00,6199,278,6199,1
314323,163216,2024-04-23T08:00:00+00:00,6199,278,278,2
314323,163217,2024-04-23T08:00:00+00:00,6199,278,6199,3
314324,163218,2024-04-23T10:50:00+00:00,918,624,624,1
314324,163219,2024-04-23T10:50:00+00:00,918,624,624,2
314640,163399,2024-04-23T21:00:00+00:00,2,5248,2,1
314640,163400,2024-04-23T21:00:00+00:00,2,5248,5248,2
314640,163401,2024-04-23T21:00:00+00:00,2,5248,5248,3
314641,163402,2024-04-24T00:30:00+00:00,1034,7386,1034,1
314641,163403,2024-04-24T00:30:00+00:00,1034,7386,1034,2
318930,164145,2024-04-24T15:00:00+00:00,474,1001,1001,1
318930,164146,2024-04-24T15:00:00+00:00,474,1001,1001,2
318931,164148,2024-04-24T17:00:00+00:00,2059,12694,12694,1
318931,164149,2024-04-24T17:00:00+00:00,2059,12694,12694,2
314642,163405,2024-04-24T21:00:00+00:00,11058,2359,2359,1
314642,163406,2024-04-24T21:00:00+00:00,11058,2359,11058,2
314642,163407,2024-04-24T21:00:00+00:00,11058,2359,2359,3
314643,163408,2024-04-25T00:15:00+00:00,2355,6961,2355,1
314643,163409,2024-04-25T00:15:00+00:00,2355,6961,2355,2
318932,164151,2024-04-25T15:00:00+00:00,2593,1184,1184,1
318932,164152,2024-04-25T15:00:00+00:00,2593,1184,1184,2
318933,164154,2024-04-25T17:30:00+00:00,397,4915,4915,1
318933,164155,2024-04-25T17:30:00+00:00,397,4915,397,2
318933,164156,2024-04-25T17:30:00+00:00,397,4915,397,3
319783,164291,2024-04-26T09:00:00+00:00,14137,12010,14137,1
319783,164292,2024-04-26T09:00:00+00:00,14137,12010,12010,2
319783,164293,2024-04-26T09:00:00+00:00,14137,12010,14137,3
319784,164294,2024-04-26T12:05:00+00:00,12685,11981,11981,1
319784,164295,2024-04-26T12:05:00+00:00,12685,11981,11981,2
318934,164157,2024-04-26T15:00:00+00:00,2059,14419,14419,1
318934,164158,2024-04-26T15:00:00+00:00,2059,14419,2059,2
318934,164159,2024-04-26T15:00:00+00:00,2059,14419,2059,3
318935,164160,2024-04-26T18:10:00+00:00,8877,7035,8877,1
318935,164161,2024-04-26T18:10:00+00:00,8877,7035,7035,2
318935,164162,2024-04-26T18:10:00+00:00,8877,7035,8877,3
314325,163221,2024-04-27T08:00:00+00:00,6387,624,624,1
314325,163222,2024-04-27T08:00:00+00:00,6387,624,624,2
319785,164297,2024-04-27T09:00:00+00:00,731,13790,13790,1
319785,164298,2024-04-27T09:00:00+00:00,731,13790,731,2
319785,164299,2024-04-27T09:00:00+00:00,731,13790,13790,3
314326,163224,2024-04-27T10:00:00+00:00,918,278,278,1
314326,163225,2024-04-27T10:00:00+00:00,918,278,918,2
314326,163226,2024-04-27T10:00:00+00:00,918,278,918,3
319786,164300,2024-04-27T12:30:00+00:00,11328,1120,1120,1
319786,164301,2024-04-27T12:30:00+00:00,11328,1120,11328,2
319786,164302,2024-04-27T12:30:00+00:00,11328,1120,11328,3
314644,163411,2024-04-27T21:00:00+00:00,11058,7386,11058,1
314644,163412,2024-04-27T21:00:00+00:00,11058,7386,11058,2
314645,163414,2024-04-27T23:05:00+00:00,2,6961,6961,1
314645,163415,2024-04-27T23:05:00+00:00,2,6961,6961,2
314327,163227,2024-04-28T08:00:00+00:00,14,5448,5448,1
314327,163228,2024-04-28T08:00:00+00:00,14,5448,14,2
314327,163229,2024-04-28T08:00:00+00:00,14,5448,14,3
319787,164303,2024-04-28T09:00:00+00:00,1119,12064,1119,1
319787,164304,2024-04-28T09:00:00+00:00,1119,12064,12064,2
319787,164305,2024-04-28T09:00:00+00:00,1119,12064,1119,3
314328,163230,2024-04-28T11:10:00+00:00,6199,8304,6199,1
314328,163231,2024-04-28T11:10:00+00:00,6199,8304,8304,2
314328,163232,2024-04-28T11:10:00+00:00,6199,8304,8304,3
319788,164306,2024-04-28T12:40:00+00:00,12010,13576,12010,1
319788,164307,2024-04-28T12:40:00+00:00,12010,13576,12010,2
314646,163417,2024-04-28T21:00:00+00:00,188,2406,2406,1
314646,163418,2024-04-28T21:00:00+00:00,188,2406,188,2
314646,163419,2024-04-28T21:00:00+00:00,188,2406,188,3
314647,163420,2024-04-28T23:55:00+00:00,1034,5248,5248,1
314647,163421,2024-04-28T23:55:00+00:00,1034,5248,1034,2
314647,163422,2024-04-28T23:55:00+00:00,1034,5248,5248,3
314329,163233,2024-04-29T08:00:00+00:00,6387,8185,8185,1
314329,163234,2024-04-29T08:00:00+00:00,6387,8185,8185,2
314330,163236,2024-04-29T10:05:00+00:00,17,878,17,1
314330,163237,2024-04-29T10:05:00+00:00,17,878,878,2
314330,163238,2024-04-29T10:05:00+00:00,17,878,878,3
314648,163423,2024-04-29T21:00:00+00:00,2355,120,2355,1
314648,163424,2024-04-29T21:00:00+00:00,2355,120,120,2
314648,163425,2024-04-29T21:00:00+00:00,2355,120,2355,3
318936,164163,2024-05-01T15:00:00+00:00,397,14419,14419,1
318936,164164,2024-05-01T15:00:00+00:00,397,14419,14419,2
318937,164166,2024-05-01T17:00:00+00:00,8877,1001,1001,1
318937,164167,2024-05-01T17:00:00+00:00,8877,1001,8877,2
318937,164168,2024-05-01T17:00:00+00:00,8877,1001,1001,3
319789,164309,2024-05-02T11:00:00+00:00,1120,1119,1120,1
319789,164310,2024-05-02T11:00:00+00:00,1120,1119,1120,2
318938,164169,2024-05-02T15:00:00+00:00,2059,7035,7035,1
318938,164170,2024-05-02T15:00:00+00:00,2059,7035,2059,2
318938,164171,2024-05-02T15:00:00+00:00,2059,7035,7035,3
318939,164172,2024-05-02T17:55:00+00:00,4915,2593,2593,1
318939,164173,2024-05-02T17:55:00+00:00,4915,2593,4915,2
318939,164174,2024-05-02T17:55:00+00:00,4915,2593,4915,3
329907,167267,2024-05-03T08:00:00+00:00,6199,14,14,1
329907,167268,2024-05-03T08:00:00+00:00,6199,14,14,2
329908,167270,2024-05-03T10:10:00+00:00,624,8304,624,1
329908,167272,2024-05-03T10:10:00+00:00,624,8304,624,2
329908,169325,2024-05-03T10:10:00+00:00,624,8304,8304,3
319790,164312,2024-05-03T11:00:00+00:00,13790,13576,13576,1
319790,164313,2024-05-03T11:00:00+00:00,13790,13576,13576,2
318940,164175,2024-05-03T15:00:00+00:00,474,12694,474,1
318940,164176,2024-05-03T15:00:00+00:00,474,12694,474,2
318941,164178,2024-05-03T16:50:00+00:00,397,1184,1184,1
318941,164179,2024-05-03T16:50:00+00:00,397,1184,1184,2
314650,163426,2024-05-04T00:00:00+00:00,2,2406,2,1
314650,163427,2024-05-04T00:00:00+00:00,2,2406,2,2
329909,167273,2024-05-04T08:00:00+00:00,17,14,14,1
329909,167274,2024-05-04T08:00:00+00:00,17,14,17,2
329909,167275,2024-05-04T08:00:00+00:00,17,14,14,3
319791,164315,2024-05-04T09:00:00+00:00,11981,731,731,1
319791,164316,2024-05-04T09:00:00+00:00,11981,731,731,2
329910,167276,2024-05-04T11:10:00+00:00,8185,624,624,1
329910,167277,2024-05-04T11:10:00+00:00,8185,624,8185,2
329910,167278,2024-05-04T11:10:00+00:00,8185,624,624,3
319792,164318,2024-05-04T11:30:00+00:00,12010,11328,11328,1
319792,164319,2024-05-04T11:30:00+00:00,12010,11328,11328,2
314651,163429,2024-05-04T21:00:00+00:00,1034,120,120,1
314651,163430,2024-05-04T21:00:00+00:00,1034,120,120,2
314652,163432,2024-05-04T23:20:00+00:00,2355,2359,2359,1
314652,163433,2024-05-04T23:20:00+00:00,2355,2359,2355,2
314652,163434,2024-05-04T23:20:00+00:00,2355,2359,2359,3
329912,167282,2024-05-05T08:00:00+00:00,14,624,624,1
329912,167283,2024-05-05T08:00:00+00:00,14,624,624,2
319793,164321,2024-05-05T09:00:00+00:00,12064,14137,12064,1
319793,164322,2024-05-05T09:00:00+00:00,12064,14137,12064,2
329911,167279,2024-05-05T10:00:00+00:00,17,8185,8185,1
329911,167280,2024-05-05T10:00:00+00:00,17,8185,17,2
329911,167281,2024-05-05T10:00:00+00:00,17,8185,17,3
319794,164324,2024-05-05T11:05:00+00:00,12685,1120,1120,1
319794,164325,2024-05-05T11:05:00+00:00,12685,1120,1120,2
314653,163435,2024-05-05T21:00:00+00:00,188,7386,188,1
314653,163436,2024-05-05T21:00:00+00:00,188,7386,188,2
314654,163438,2024-05-05T23:35:00+00:00,11058,6961,6961,1
314654,163439,2024-05-05T23:35:00+00:00,11058,6961,6961,2
342356,169568,2024-05-08T09:00:00+00:00,12685,1119,12685,1
342356,169569,2024-05-08T09:00:00+00:00,12685,1119,12685,2
342357,169571,2024-05-08T11:15:00+00:00,11981,12064,11981,1
342357,169572,2024-05-08T11:15:00+00:00,11981,12064,11981,2
341816,169368,2024-05-08T15:00:00+00:00,2593,474,2593,1
341816,169376,2024-05-08T15:00:00+00:00,2593,474,474,2
341816,169377,2024-05-08T15:00:00+00:00,2593,474,2593,3
341817,169369,2024-05-08T18:20:00+00:00,4915,1001,1001,1
341817,169378,2024-05-08T18:20:00+00:00,4915,1001,1001,2
337407,168972,2024-05-08T21:00:00+00:00,188,11058,11058,1
337407,168973,2024-05-08T21:00:00+00:00,188,11058,11058,2
337408,168975,2024-05-08T23:25:00+00:00,120,6961,120,1
337408,168976,2024-05-08T23:25:00+00:00,120,6961,120,2
342358,169574,2024-05-09T09:00:00+00:00,11328,12685,11328,1
342358,169575,2024-05-09T09:00:00+00:00,11328,12685,11328,2
342359,169577,2024-05-09T11:30:00+00:00,1120,11981,1120,1
342359,169578,2024-05-09T11:30:00+00:00,1120,11981,1120,2
341818,169370,2024-05-09T15:00:00+00:00,8877,2593,2593,1
341818,169380,2024-05-09T15:00:00+00:00,8877,2593,2593,2
341819,169371,2024-05-09T17:30:00+00:00,1184,1001,1001,1
341819,169382,2024-05-09T17:30:00+00:00,1184,1001,1001,2
337409,168978,2024-05-09T21:00:00+00:00,2355,11058,11058,1
337409,168979,2024-05-09T21:00:00+00:00,2355,11058,11058,2
337410,168981,2024-05-09T23:05:00+00:00,2359,120,120,1
337410,168982,2024-05-09T23:05:00+00:00,2359,120,2359,2
337410,168983,2024-05-09T23:05:00+00:00,2359,120,120,3
342360,169580,2024-05-10T09:00:00+00:00,11328,1120,11328,1
342360,169581,2024-05-10T09:00:00+00:00,11328,1120,11328,2
342361,169583,2024-05-10T11:45:00+00:00,12685,11981,12685,1
342361,169584,2024-05-10T11:45:00+00:00,12685,11981,11981,2
342361,169585,2024-05-10T11:45:00+00:00,12685,11981,11981,3
341820,169372,2024-05-10T15:00:00+00:00,2593,1001,1001,1
341820,169384,2024-05-10T15:00:00+00:00,2593,1001,1001,2
341822,169374,2024-05-10T17:30:00+00:00,8877,1184,1184,1
341822,169390,2024-05-10T17:30:00+00:00,8877,1184,1184,2
337411,168984,2024-05-10T21:00:00+00:00,11058,120,120,1
337411,168985,2024-05-10T21:00:00+00:00,11058,120,11058,2
337411,168986,2024-05-10T21:00:00+00:00,11058,120,120,3
337413,168992,2024-05-11T00:00:00+00:00,2355,2359,2355,1
337413,168993,2024-05-11T00:00:00+00:00,2355,2359,2359,2
337413,168994,2024-05-11T00:00:00+00:00,2355,2359,2359,3
329913,167285,2024-05-11T08:00:00+00:00,14,17,17,1
329913,167286,2024-05-11T08:00:00+00:00,14,17,17,2
329913,167287,2024-05-11T08:00:00+00:00,14,17,17,3
342362,169586,2024-05-11T09:00:00+00:00,1120,11981,1120,1
342362,169587,2024-05-11T09:00:00+00:00,1120,11981,1120,2
342362,169588,2024-05-11T09:00:00+00:00,1120,11981,11981,3
342362,169592,2024-05-11T09:00:00+00:00,1120,11981,1120,4
341823,169375,2024-05-11T15:00:00+00:00,2593,1184,1184,1
341823,169392,2024-05-11T15:00:00+00:00,2593,1184,2593,2
341823,169393,2024-05-11T15:00:00+00:00,2593,1184,2593,3
341823,169394,2024-05-11T15:00:00+00:00,2593,1184,2593,4
337414,168995,2024-05-11T21:00:00+00:00,11058,2359,2359,1
337414,168996,2024-05-11T21:00:00+00:00,11058,2359,11058,2
337414,168997,2024-05-11T21:00:00+00:00,11058,2359,2359,3
337414,168998,2024-05-11T21:00:00+00:00,11058,2359,11058,4
337414,168999,2024-05-11T21:00:00+00:00,11058,2359,11058,5
329914,167290,2024-05-12T08:00:00+00:00,624,17,17,1
329914,167291,2024-05-12T08:00:00+00:00,624,17,624,2
329914,167292,2024-05-12T08:00:00+00:00,624,17,624,3
329914,167293,2024-05-12T08:00:00+00:00,624,17,17,4
329914,167294,2024-05-12T08:00:00+00:00,624,17,624,5
342363,169589,2024-05-12T09:00:00+00:00,11328,1120,11328,1
342363,169590,2024-05-12T09:00:00+00:00,11328,1120,1120,2
342363,169591,2024-05-12T09:00:00+00:00,11328,1120,1120,3
342363,169594,2024-05-12T09:00:00+00:00,11328,1120,1120,4
341821,169373,2024-05-12T15:00:00+00:00,1001,2593,1001,1
341821,169386,2024-05-12T15:00:00+00:00,1001,2593,1001,2
341821,169387,2024-05-12T15:00:00+00:00,1001,2593,2593,3
341821,169388,2024-05-12T15:00:00+00:00,1001,2593,2593,4
341821,169389,2024-05-12T15:00:00+00:00,1001,2593,2593,5
337412,168987,2024-05-12T21:00:00+00:00,120,11058,120,1
337412,168988,2024-05-12T21:00:00+00:00,120,11058,120,2
337412,168989,2024-05-12T21:00:00+00:00,120,11058,120,3
348063,170636,2024-05-23T08:00:00+00:00,11058,14,11058,1
348063,170637,2024-05-23T08:00:00+00:00,11058,14,14,2
348063,170638,2024-05-23T08:00:00+00:00,11058,14,11058,3
348061,170633,2024-05-23T11:10:00+00:00,11328,1184,11328,1
348061,170634,2024-05-23T11:10:00+00:00,11328,1184,1184,2
348061,170635,2024-05-23T11:10:00+00:00,11328,1184,11328,3
348064,170639,2024-05-24T08:00:00+00:00,17,2359,2359,1
348064,170640,2024-05-24T08:00:00+00:00,17,2359,17,2
348064,170641,2024-05-24T08:00:00+00:00,17,2359,17,3
348059,170630,2024-05-24T11:00:00+00:00,1001,11981,1001,1
348059,170631,2024-05-24T11:00:00+00:00,1001,11981,1001,2
348458,170768,2024-05-25T08:00:00+00:00,11328,17,11328,1
348458,170769,2024-05-25T08:00:00+00:00,11328,17,17,2
348458,170770,2024-05-25T08:00:00+00:00,11328,17,17,3
348457,170765,2024-05-25T11:40:00+00:00,11058,1001,1001,1
348457,170766,2024-05-25T11:40:00+00:00,11058,1001,11058,2
348457,170767,2024-05-25T11:40:00+00:00,11058,1001,11058,3
348459,170771,2024-05-26T08:00:00+00:00,2359,14,2359,1
348459,170772,2024-05-26T08:00:00+00:00,2359,14,2359,2
348460,170774,2024-05-26T10:10:00+00:00,11981,1184,1184,1
348460,170775,2024-05-26T10:10:00+00:00,11981,1184,1184,2
348462,170780,2024-05-27T08:00:00+00:00,11328,1001,1001,1
348462,170781,2024-05-27T08:00:00+00:00,11328,1001,11328,2
348462,170782,2024-05-27T08:00:00+00:00,11328,1001,1001,3
348461,170777,2024-05-27T11:35:00+00:00,1184,2359,1184,1
348461,170778,2024-05-27T11:35:00+00:00,1184,2359,2359,2
348461,170779,2024-05-27T11:35:00+00:00,1184,2359,1184,3
348465,170789,2024-05-30T08:00:00+00:00,120,1184,120,1
348465,170790,2024-05-30T08:00:00+00:00,120,1184,120,2
348466,170792,2024-05-30T10:00:00+00:00,2593,17,2593,1
348466,170793,2024-05-30T10:00:00+00:00,2593,17,17,2
348466,170794,2024-05-30T10:00:00+00:00,2593,17,17,3
348463,170783,2024-05-31T08:00:00+00:00,624,11058,624,1
348463,170784,2024-05-31T08:00:00+00:00,624,11058,11058,2
348463,170785,2024-05-31T08:00:00+00:00,624,11058,11058,3
348464,170786,2024-05-31T11:00:00+00:00,1120,1001,1001,1
348464,170787,2024-05-31T11:00:00+00:00,1120,1001,1001,2
348468,170798,2024-06-01T08:00:00+00:00,1184,2593,2593,1
348468,170799,2024-06-01T08:00:00+00:00,1184,2593,1184,2
348468,170800,2024-06-01T08:00:00+00:00,1184,2593,1184,3
348467,170795,2024-06-01T11:00:00+00:00,624,1120,624,1
348467,170796,2024-06-01T11:00:00+00:00,624,1120,624,2
348470,170804,2024-06-02T08:00:00+00:00,120,17,17,1
348470,170805,2024-06-02T08:00:00+00:00,120,17,17,2
348469,170801,2024-06-02T10:15:00+00:00,11058,1001,1001,1
348469,170802,2024-06-02T10:15:00+00:00,11058,1001,11058,2
348469,170803,2024-06-02T10:15:00+00:00,11058,1001,11058,3
348471,170807,2024-06-03T08:00:00+00:00,120,624,120,1
348471,170808,2024-06-03T08:00:00+00:00,120,624,624,2
348471,170809,2024-06-03T08:00:00+00:00,120,624,120,3
348472,170810,2024-06-03T11:10:00+00:00,1001,1184,1001,1
348472,170811,2024-06-03T11:10:00+00:00,1001,1184,1001,2
348473,170813,2024-06-07T07:00:00+00:00,11058,17,17,1
348473,170814,2024-06-07T07:00:00+00:00,11058,17,17,2
348474,170816,2024-06-07T09:25:00+00:00,120,1001,1001,1
348474,170817,2024-06-07T09:25:00+00:00,120,1001,1001,2
348475,170819,2024-06-08T07:00:00+00:00,11058,1001,1001,1
348475,170820,2024-06-08T07:00:00+00:00,11058,1001,1001,2
348475,170821,2024-06-08T07:00:00+00:00,11058,1001,1001,3
348476,170824,2024-06-09T08:15:00+00:00,17,1001,17,1
348476,170825,2024-06-09T08:15:00+00:00,17,1001,1001,2
348476,170826,2024-06-09T08:15:00+00:00,17,1001,1001,3
348476,170827,2024-06-09T08:15:00+00:00,17,1001,17,4
348476,170828,2024-06-09T08:15:00+00:00,17,1001,17,5
314340,163239,2024-06-15T08:00:00+00:00,5448,8185,8185,1
314340,163240,2024-06-15T08:00:00+00:00,5448,8185,5448,2
314340,163241,2024-06-15T08:00:00+00:00,5448,8185,8185,3
314341,163242,2024-06-15T10:40:00+00:00,6199,6387,6387,1
314341,163243,2024-06-15T10:40:00+00:00,6199,6387,6199,2
314341,163244,2024-06-15T10:40:00+00:00,6199,6387,6199,3
359603,174900,2024-06-15T11:00:00+00:00,14137,13576,13576,1
359603,174901,2024-06-15T11:00:00+00:00,14137,13576,13576,2
314342,163245,2024-06-16T08:00:00+00:00,14,17,17,1
314342,163246,2024-06-16T08:00:00+00:00,14,17,14,2
314342,163247,2024-06-16T08:00:00+00:00,14,17,17,3
359604,174903,2024-06-16T09:00:00+00:00,1119,731,1119,1
359604,174904,2024-06-16T09:00:00+00:00,1119,731,1119,2
359605,174906,2024-06-16T11:05:00+00:00,12010,13790,12010,1
359605,174907,2024-06-16T11:05:00+00:00,12010,13790,12010,2
314343,163248,2024-06-16T11:30:00+00:00,624,8304,624,1
314343,163249,2024-06-16T11:30:00+00:00,624,8304,624,2
314344,163251,2024-06-17T08:00:00+00:00,878,278,878,1
314344,163252,2024-06-17T08:00:00+00:00,878,278,878,2
314345,163254,2024-06-17T10:35:00+00:00,6199,918,6199,1
314345,163255,2024-06-17T10:35:00+00:00,6199,918,6199,2
353153,173346,2024-06-18T18:00:00+00:00,1184,7035,1184,1
353153,173347,2024-06-18T18:00:00+00:00,1184,7035,7035,2
353153,173348,2024-06-18T18:00:00+00:00,1184,7035,1184,3
353154,173349,2024-06-19T16:00:00+00:00,397,2593,2593,1
353154,173350,2024-06-19T16:00:00+00:00,397,2593,397,2
353154,173351,2024-06-19T16:00:00+00:00,397,2593,2593,3
353155,173352,2024-06-19T19:30:00+00:00,1001,4915,1001,1
353155,173353,2024-06-19T19:30:00+00:00,1001,4915,1001,2
353157,173358,2024-06-20T16:00:00+00:00,14419,12694,12694,1
353157,173359,2024-06-20T16:00:00+00:00,14419,12694,14419,2
353157,173360,2024-06-20T16:00:00+00:00,14419,12694,14419,3
353156,173355,2024-06-20T19:10:00+00:00,2059,474,2059,1
353156,173356,2024-06-20T19:10:00+00:00,2059,474,2059,2
359606,174909,2024-06-21T09:00:00+00:00,11981,12064,11981,1
359606,174910,2024-06-21T09:00:00+00:00,11981,12064,12064,2
359606,174911,2024-06-21T09:00:00+00:00,11981,12064,12064,3
359607,174912,2024-06-21T12:15:00+00:00,11328,12685,11328,1
359607,174913,2024-06-21T12:15:00+00:00,11328,12685,12685,2
359607,174914,2024-06-21T12:15:00+00:00,11328,12685,12685,3
353159,173364,2024-06-21T16:00:00+00:00,397,8877,8877,1
353159,173365,2024-06-21T16:00:00+00:00,397,8877,8877,2
353158,173361,2024-06-21T17:50:00+00:00,4915,1184,1184,1
353158,173362,2024-06-21T17:50:00+00:00,4915,1184,1184,2
314346,163257,2024-06-22T08:00:00+00:00,8304,878,8304,1
314346,163258,2024-06-22T08:00:00+00:00,8304,878,878,2
314346,163259,2024-06-22T08:00:00+00:00,8304,878,8304,3
359608,174915,2024-06-22T09:00:00+00:00,14137,1119,1119,1
359608,174916,2024-06-22T09:00:00+00:00,14137,1119,1119,2
359609,174918,2024-06-22T11:00:00+00:00,1120,13790,1120,1
359609,174919,2024-06-22T11:00:00+00:00,1120,13790,13790,2
359609,174920,2024-06-22T11:00:00+00:00,1120,13790,13790,3
314347,163260,2024-06-22T11:50:00+00:00,624,8185,624,1
314347,163261,2024-06-22T11:50:00+00:00,624,8185,8185,2
314347,163262,2024-06-22T11:50:00+00:00,624,8185,624,3
353177,173415,2024-06-22T21:00:00+00:00,7386,2359,2359,1
353177,173416,2024-06-22T21:00:00+00:00,7386,2359,2359,2
353178,173418,2024-06-22T23:15:00+00:00,2,1034,2,1
353178,173419,2024-06-22T23:15:00+00:00,2,1034,2,2
314348,163263,2024-06-23T08:00:00+00:00,918,6387,918,1
314348,163264,2024-06-23T08:00:00+00:00,918,6387,918,2
359610,174921,2024-06-23T09:00:00+00:00,731,12685,12685,1
359610,174922,2024-06-23T09:00:00+00:00,731,12685,731,2
359610,174923,2024-06-23T09:00:00+00:00,731,12685,12685,3
314349,163266,2024-06-23T10:05:00+00:00,278,5448,5448,1
314349,163267,2024-06-23T10:05:00+00:00,278,5448,278,2
314349,163268,2024-06-23T10:05:00+00:00,278,5448,278,3
359611,174924,2024-06-23T12:05:00+00:00,12064,12010,12064,1
359611,174925,2024-06-23T12:05:00+00:00,12064,12010,12010,2
359611,174926,2024-06-23T12:05:00+00:00,12064,12010,12010,3
353179,173421,2024-06-23T21:00:00+00:00,2406,120,2406,1
353179,173422,2024-06-23T21:00:00+00:00,2406,120,2406,2
353180,173424,2024-06-23T23:45:00+00:00,6961,5248,6961,1
353180,173425,2024-06-23T23:45:00+00:00,6961,5248,5248,2
353180,173426,2024-06-23T23:45:00+00:00,6961,5248,5248,3
314350,163269,2024-06-24T08:00:00+00:00,8185,878,878,1
314350,163270,2024-06-24T08:00:00+00:00,8185,878,878,2
314351,163272,2024-06-24T10:20:00+00:00,6199,14,14,1
314351,163273,2024-06-24T10:20:00+00:00,6199,14,6199,2
314351,163274,2024-06-24T10:20:00+00:00,6199,14,6199,3
353181,173427,2024-06-24T21:00:00+00:00,11058,188,11058,1
353181,173428,2024-06-24T21:00:00+00:00,11058,188,188,2
353181,173429,2024-06-24T21:00:00+00:00,11058,188,11058,3
353202,173490,2024-06-25T18:00:00+00:00,7035,14419,7035,1
353202,173491,2024-06-25T18:00:00+00:00,7035,14419,7035,2
359612,174927,2024-06-26T11:00:00+00:00,13576,11328,11328,1
359612,174928,2024-06-26T11:00:00+00:00,13576,11328,11328,2
353161,173370,2024-06-26T16:00:00+00:00,1001,1184,1001,1
353161,173371,2024-06-26T16:00:00+00:00,1001,1184,1001,2
353160,173367,2024-06-26T18:15:00+00:00,2593,2059,2593,1
353160,173368,2024-06-26T18:15:00+00:00,2593,2059,2059,2
353160,173369,2024-06-26T18:15:00+00:00,2593,2059,2593,3
359613,174930,2024-06-27T11:00:00+00:00,1120,11981,11981,1
359613,174931,2024-06-27T11:00:00+00:00,1120,11981,11981,2
353162,173373,2024-06-27T16:00:00+00:00,397,474,397,1
353162,173374,2024-06-27T16:00:00+00:00,397,474,397,2
353163,173376,2024-06-27T18:00:00+00:00,4915,14419,14419,1
353163,173377,2024-06-27T18:00:00+00:00,4915,14419,14419,2
359614,174933,2024-06-28T09:00:00+00:00,12064,13790,12064,1
359614,174934,2024-06-28T09:00:00+00:00,12064,13790,12064,2
359615,174936,2024-06-28T11:35:00+00:00,13576,12685,13576,1
359615,174937,2024-06-28T11:35:00+00:00,13576,12685,12685,2
359615,174938,2024-06-28T11:35:00+00:00,13576,12685,13576,3
353164,173379,2024-06-28T16:00:00+00:00,7035,12694,12694,1
353164,173380,2024-06-28T16:00:00+00:00,7035,12694,12694,2
353165,173382,2024-06-28T18:30:00+00:00,2593,8877,2593,1
353165,173383,2024-06-28T18:30:00+00:00,2593,8877,2593,2
314352,163275,2024-06-29T08:00:00+00:00,8304,278,8304,1
314352,163276,2024-06-29T08:00:00+00:00,8304,278,8304,2
359616,174939,2024-06-29T09:00:00+00:00,14137,731,731,1
359616,174940,2024-06-29T09:00:00+00:00,14137,731,14137,2
359616,174941,2024-06-29T09:00:00+00:00,14137,731,731,3
314353,163278,2024-06-29T10:10:00+00:00,5448,878,878,1
314353,163279,2024-06-29T10:10:00+00:00,5448,878,878,2
359617,174942,2024-06-29T12:30:00+00:00,1119,11328,11328,1
359617,174943,2024-06-29T12:30:00+00:00,1119,11328,1119,2
359617,174944,2024-06-29T12:30:00+00:00,1119,11328,11328,3
353182,173430,2024-06-29T21:00:00+00:00,5248,2406,5248,1
353182,173431,2024-06-29T21:00:00+00:00,5248,2406,5248,2
353183,173433,2024-06-29T23:00:00+00:00,2,2355,2,1
353183,173434,2024-06-29T23:00:00+00:00,2,2355,2,2
314354,163281,2024-06-30T08:00:00+00:00,918,14,918,1
314354,163282,2024-06-30T08:00:00+00:00,918,14,14,2
314354,163283,2024-06-30T08:00:00+00:00,918,14,14,3
359618,174945,2024-06-30T09:00:00+00:00,12010,11981,12010,1
359618,174946,2024-06-30T09:00:00+00:00,12010,11981,12010,2
314355,163284,2024-06-30T11:15:00+00:00,6387,17,17,1
314355,163285,2024-06-30T11:15:00+00:00,6387,17,6387,2
314355,163286,2024-06-30T11:15:00+00:00,6387,17,17,3
359619,174948,2024-06-30T11:20:00+00:00,1120,12064,1120,1
359619,174949,2024-06-30T11:20:00+00:00,1120,12064,1120,2
353184,173436,2024-06-30T21:00:00+00:00,6961,7386,6961,1
353184,173437,2024-06-30T21:00:00+00:00,6961,7386,7386,2
353184,173438,2024-06-30T21:00:00+00:00,6961,7386,6961,3
353185,173439,2024-07-01T00:20:00+00:00,2359,120,2359,1
353185,173440,2024-07-01T00:20:00+00:00,2359,120,2359,2
314356,163287,2024-07-01T08:00:00+00:00,624,278,624,1
314356,163288,2024-07-01T08:00:00+00:00,624,278,624,2
314357,163290,2024-07-01T10:00:00+00:00,8185,8304,8304,1
314357,163291,2024-07-01T10:00:00+00:00,8185,8304,8185,2
314357,163292,2024-07-01T10:00:00+00:00,8185,8304,8185,3
353186,173442,2024-07-01T21:00:00+00:00,1034,11058,11058,1
353186,173443,2024-07-01T21:00:00+00:00,1034,11058,11058,2
353187,173445,2024-07-01T23:25:00+00:00,2,188,2,1
353187,173446,2024-07-01T23:25:00+00:00,2,188,2,2
353188,173448,2024-07-02T21:00:00+00:00,5248,2359,2359,1
353188,173449,2024-07-02T21:00:00+00:00,5248,2359,2359,2
353189,173451,2024-07-02T23:15:00+00:00,6961,2406,6961,1
353189,173452,2024-07-02T23:15:00+00:00,6961,2406,2406,2
353189,173453,2024-07-02T23:15:00+00:00,6961,2406,2406,3
359621,174951,2024-07-03T11:00:00+00:00,1119,12685,12685,1
359621,174952,2024-07-03T11:00:00+00:00,1119,12685,12685,2
353166,173385,2024-07-03T16:00:00+00:00,1001,14419,1001,1
353166,173386,2024-07-03T16:00:00+00:00,1001,14419,14419,2
353166,173387,2024-07-03T16:00:00+00:00,1001,14419,1001,3
353167,173388,2024-07-03T19:25:00+00:00,1184,12694,1184,1
353167,173389,2024-07-03T19:25:00+00:00,1184,12694,1184,2
353190,173454,2024-07-03T21:00:00+00:00,7386,120,120,1
353190,173455,2024-07-03T21:00:00+00:00,7386,120,120,2
353191,173457,2024-07-03T23:05:00+00:00,1034,2355,2355,1
353191,173458,2024-07-03T23:05:00+00:00,1034,2355,1034,2
353191,173459,2024-07-03T23:05:00+00:00,1034,2355,1034,3
359622,174954,2024-07-04T11:00:00+00:00,14137,11328,14137,1
359622,174955,2024-07-04T11:00:00+00:00,14137,11328,14137,2
353168,173391,2024-07-04T16:00:00+00:00,7035,4915,7035,1
353168,173392,2024-07-04T16:00:00+00:00,7035,4915,7035,2
353169,173394,2024-07-04T18:05:00+00:00,474,8877,474,1
353169,173395,2024-07-04T18:05:00+00:00,474,8877,474,2
314358,163293,2024-07-05T08:00:00+00:00,624,878,624,1
314358,163294,2024-07-05T08:00:00+00:00,624,878,878,2
314358,163295,2024-07-05T08:00:00+00:00,624,878,624,3
359623,174957,2024-07-05T09:00:00+00:00,731,13576,13576,1
359623,174958,2024-07-05T09:00:00+00:00,731,13576,13576,2
314359,163296,2024-07-05T11:00:00+00:00,17,918,17,1
314359,163297,2024-07-05T11:00:00+00:00,17,918,17,2
359624,174960,2024-07-05T11:00:00+00:00,11981,13790,13790,1
359624,174961,2024-07-05T11:00:00+00:00,11981,13790,13790,2
353170,173397,2024-07-05T16:00:00+00:00,397,2059,2059,1
353170,173398,2024-07-05T16:00:00+00:00,397,2059,397,2
353170,173399,2024-07-05T16:00:00+00:00,397,2059,2059,3
353171,173400,2024-07-05T19:00:00+00:00,1001,12694,1001,1
353171,173401,2024-07-05T19:00:00+00:00,1001,12694,12694,2
353171,173402,2024-07-05T19:00:00+00:00,1001,12694,1001,3
314360,163299,2024-07-06T08:00:00+00:00,8185,278,8185,1
314360,163300,2024-07-06T08:00:00+00:00,8185,278,278,2
314360,178343,2024-07-06T08:00:00+00:00,8185,278,8185,3
359625,174963,2024-07-06T09:00:00+00:00,12685,14137,12685,1
359625,174964,2024-07-06T09:00:00+00:00,12685,14137,14137,2
359625,174965,2024-07-06T09:00:00+00:00,12685,14137,12685,3
314361,163302,2024-07-06T10:45:00+00:00,5448,8304,5448,1
314361,163303,2024-07-06T10:45:00+00:00,5448,8304,8304,2
314361,163304,2024-07-06T10:45:00+00:00,5448,8304,5448,3
359626,174966,2024-07-06T12:20:00+00:00,1120,12010,1120,1
359626,174967,2024-07-06T12:20:00+00:00,1120,12010,1120,2
353192,173460,2024-07-06T21:00:00+00:00,11058,2355,2355,1
353192,173461,2024-07-06T21:00:00+00:00,11058,2355,11058,2
353192,173462,2024-07-06T21:00:00+00:00,11058,2355,11058,3
353193,173463,2024-07-07T00:35:00+00:00,6961,2359,2359,1
353193,173464,2024-07-07T00:35:00+00:00,6961,2359,2359,2
314362,163305,2024-07-07T08:00:00+00:00,17,6199,6199,1
314362,163306,2024-07-07T08:00:00+00:00,17,6199,17,2
314362,163307,2024-07-07T08:00:00+00:00,17,6199,6199,3
359627,174969,2024-07-07T09:00:00+00:00,13576,1119,13576,1
359627,174970,2024-07-07T09:00:00+00:00,13576,1119,13576,2
314363,163308,2024-07-07T11:00:00+00:00,624,5448,5448,1
314363,163309,2024-07-07T11:00:00+00:00,624,5448,624,2
314363,163310,2024-07-07T11:00:00+00:00,624,5448,624,3
359628,174972,2024-07-07T11:00:00+00:00,731,11328,11328,1
359628,174973,2024-07-07T11:00:00+00:00,731,11328,731,2
359628,174974,2024-07-07T11:00:00+00:00,731,11328,731,3
353194,173466,2024-07-07T21:00:00+00:00,7386,2406,2406,1
353194,173467,2024-07-07T21:00:00+00:00,7386,2406,2406,2
353195,173469,2024-07-07T23:15:00+00:00,1034,188,1034,1
353195,173470,2024-07-07T23:15:00+00:00,1034,188,188,2
353195,173471,2024-07-07T23:15:00+00:00,1034,188,188,3
314364,163311,2024-07-08T08:00:00+00:00,14,6387,14,1
314364,163312,2024-07-08T08:00:00+00:00,14,6387,6387,2
314364,163313,2024-07-08T08:00:00+00:00,14,6387,14,3
353196,173472,2024-07-08T21:00:00+00:00,5248,120,120,1
353196,173473,2024-07-08T21:00:00+00:00,5248,120,5248,2
353196,173474,2024-07-08T21:00:00+00:00,5248,120,120,3
353172,173403,2024-07-09T18:00:00+00:00,1184,14419,1184,1
353172,173404,2024-07-09T18:00:00+00:00,1184,14419,1184,2
353173,173406,2024-07-10T16:00:00+00:00,1001,7035,7035,1
353173,173407,2024-07-10T16:00:00+00:00,1001,7035,1001,2
353173,173408,2024-07-10T16:00:00+00:00,1001,7035,1001,3
353174,173409,2024-07-10T19:20:00+00:00,2593,474,2593,1
353174,173410,2024-07-10T19:20:00+00:00,2593,474,2593,2
353175,173412,2024-07-11T16:00:00+00:00,4915,12694,4915,1
353175,173413,2024-07-11T16:00:00+00:00,4915,12694,12694,2
353175,173414,2024-07-11T16:00:00+00:00,4915,12694,4915,3
353203,173493,2024-07-11T19:10:00+00:00,2059,8877,2059,1
353203,173494,2024-07-11T19:10:00+00:00,2059,8877,8877,2
353203,173495,2024-07-11T19:10:00+00:00,2059,8877,2059,3
365316,176169,2024-07-12T08:00:00+00:00,17,878,17,1
365316,176170,2024-07-12T08:00:00+00:00,17,878,17,2
365317,176172,2024-07-12T10:15:00+00:00,6199,8304,8304,1
365317,176173,2024-07-12T10:15:00+00:00,6199,8304,8304,2
353197,173475,2024-07-13T00:00:00+00:00,188,2355,2355,1
353197,173476,2024-07-13T00:00:00+00:00,188,2355,2355,2
365318,176175,2024-07-13T08:00:00+00:00,624,17,17,1
365318,176176,2024-07-13T08:00:00+00:00,624,17,17,2
365319,176178,2024-07-13T10:05:00+00:00,8185,8304,8185,1
365319,176179,2024-07-13T10:05:00+00:00,8185,8304,8185,2
353198,173478,2024-07-13T21:00:00+00:00,5248,7386,7386,1
353198,173479,2024-07-13T21:00:00+00:00,5248,7386,7386,2
353199,173481,2024-07-13T23:10:00+00:00,2359,2406,2359,1
353199,173482,2024-07-13T23:10:00+00:00,2359,2406,2359,2
365320,176181,2024-07-14T08:00:00+00:00,17,8185,17,1
365320,176182,2024-07-14T08:00:00+00:00,17,8185,8185,2
365320,176183,2024-07-14T08:00:00+00:00,17,8185,17,3
365322,176189,2024-07-14T11:15:00+00:00,624,8304,624,1
365322,176190,2024-07-14T11:15:00+00:00,624,8304,624,2
353200,173484,2024-07-14T21:00:00+00:00,6961,120,120,1
353200,173485,2024-07-14T21:00:00+00:00,6961,120,6961,2
353200,173486,2024-07-14T21:00:00+00:00,6961,120,6961,3
353201,173487,2024-07-15T00:00:00+00:00,2,11058,11058,1
353201,173488,2024-07-15T00:00:00+00:00,2,11058,11058,2
371278,178847,2024-07-15T16:00:00+00:00,2059,4915,4915,1
371278,178848,2024-07-15T16:00:00+00:00,2059,4915,2059,2
371278,178849,2024-07-15T16:00:00+00:00,2059,4915,2059,3
371279,178850,2024-07-15T18:50:00+00:00,2593,8877,8877,1
371279,178851,2024-07-15T18:50:00+00:00,2593,8877,2593,2
371279,178852,2024-07-15T18:50:00+00:00,2593,8877,2593,3
370723,178694,2024-07-16T08:00:00+00:00,12685,1119,12685,1
370723,178695,2024-07-16T08:00:00+00:00,12685,1119,12685,2
370722,178691,2024-07-16T10:25:00+00:00,13576,12010,12010,1
370722,178692,2024-07-16T10:25:00+00:00,13576,12010,12010,2
371280,178853,2024-07-16T16:00:00+00:00,1001,2059,1001,1
371280,178854,2024-07-16T16:00:00+00:00,1001,2059,2059,2
371280,178855,2024-07-16T16:00:00+00:00,1001,2059,2059,3
371281,178856,2024-07-16T19:45:00+00:00,1184,2593,2593,1
371281,178857,2024-07-16T19:45:00+00:00,1184,2593,2593,2
370725,178700,2024-07-17T08:00:00+00:00,11328,12685,12685,1
370725,178701,2024-07-17T08:00:00+00:00,11328,12685,12685,2
370724,178697,2024-07-17T10:10:00+00:00,1120,12010,1120,1
370724,178698,2024-07-17T10:10:00+00:00,1120,12010,12010,2
370724,178699,2024-07-17T10:10:00+00:00,1120,12010,1120,3
371282,178859,2024-07-17T16:00:00+00:00,2059,2593,2593,1
371282,178860,2024-07-17T16:00:00+00:00,2059,2593,2593,2
371284,178867,2024-07-17T18:15:00+00:00,1001,1184,1001,1
371284,178868,2024-07-17T18:15:00+00:00,1001,1184,1001,2
371266,178819,2024-07-17T21:00:00+00:00,2355,188,2355,1
371266,178820,2024-07-17T21:00:00+00:00,2355,188,188,2
371266,178821,2024-07-17T21:00:00+00:00,2355,188,2355,3
371267,178822,2024-07-18T00:30:00+00:00,2,120,120,1
371267,178823,2024-07-18T00:30:00+00:00,2,120,120,2
370726,178703,2024-07-18T08:00:00+00:00,12685,1120,1120,1
370726,178704,2024-07-18T08:00:00+00:00,12685,1120,1120,2
370728,178711,2024-07-18T09:50:00+00:00,11328,12010,11328,1
370728,178712,2024-07-18T09:50:00+00:00,11328,12010,12010,2
370728,178713,2024-07-18T09:50:00+00:00,11328,12010,11328,3
371268,178825,2024-07-18T21:00:00+00:00,2359,2355,2359,1
371268,178826,2024-07-18T21:00:00+00:00,2359,2355,2359,2
371269,178828,2024-07-18T22:55:00+00:00,11058,120,11058,1
371269,178829,2024-07-18T22:55:00+00:00,11058,120,11058,2
370729,178714,2024-07-19T08:00:00+00:00,12685,11328,12685,1
370729,178715,2024-07-19T08:00:00+00:00,12685,11328,12685,2
370729,178716,2024-07-19T08:00:00+00:00,12685,11328,11328,3
370729,178717,2024-07-19T08:00:00+00:00,12685,11328,11328,4
370729,178718,2024-07-19T08:00:00+00:00,12685,11328,11328,5
371285,178870,2024-07-19T16:00:00+00:00,2059,1001,1001,1
371285,178871,2024-07-19T16:00:00+00:00,2059,1001,2059,2
371285,178872,2024-07-19T16:00:00+00:00,2059,1001,2059,3
371285,178873,2024-07-19T16:00:00+00:00,2059,1001,2059,4
371270,178831,2024-07-19T21:00:00+00:00,2359,11058,11058,1
371270,178832,2024-07-19T21:00:00+00:00,2359,11058,11058,2
371272,178839,2024-07-19T23:10:00+00:00,2355,120,120,1
371272,178840,2024-07-19T23:10:00+00:00,2355,120,2355,2
371272,178841,2024-07-19T23:10:00+00:00,2355,120,2355,3
365323,176192,2024-07-20T08:00:00+00:00,8185,624,624,1
365323,176193,2024-07-20T08:00:00+00:00,8185,624,624,2
365323,176194,2024-07-20T08:00:00+00:00,8185,624,8185,3
365323,176195,2024-07-20T08:00:00+00:00,8185,624,8185,4
365323,176196,2024-07-20T08:00:00+00:00,8185,624,8185,5
370727,178706,2024-07-20T08:30:00+00:00,1120,11328,1120,1
370727,178707,2024-07-20T08:30:00+00:00,1120,11328,11328,2
370727,178708,2024-07-20T08:30:00+00:00,1120,11328,1120,3
370727,178709,2024-07-20T08:30:00+00:00,1120,11328,11328,4
370727,178710,2024-07-20T08:30:00+00:00,1120,11328,1120,5
371283,178862,2024-07-20T16:00:00+00:00,2593,2059,2593,1
371283,178863,2024-07-20T16:00:00+00:00,2593,2059,2059,2
371283,178864,2024-07-20T16:00:00+00:00,2593,2059,2593,3
371283,178865,2024-07-20T16:00:00+00:00,2593,2059,2593,4
371273,178842,2024-07-20T21:00:00+00:00,2359,2355,2359,1
371273,178843,2024-07-20T21:00:00+00:00,2359,2355,2355,2
371273,178844,2024-07-20T21:00:00+00:00,2359,2355,2355,3
371273,178845,2024-07-20T21:00:00+00:00,2359,2355,2359,4
371273,178846,2024-07-20T21:00:00+00:00,2359,2355,2359,5
365321,176184,2024-07-21T08:00:00+00:00,17,8185,8185,1
365321,176185,2024-07-21T08:00:00+00:00,17,8185,17,2
365321,176186,2024-07-21T08:00:00+00:00,17,8185,17,3
365321,176187,2024-07-21T08:00:00+00:00,17,8185,17,4
371271,178834,2024-07-21T21:00:00+00:00,11058,2359,2359,1
371271,178835,2024-07-21T21:00:00+00:00,11058,2359,2359,2
371271,178836,2024-07-21T21:00:00+00:00,11058,2359,11058,3
371271,178837,2024-07-21T21:00:00+00:00,11058,2359,2359,4
378662,180369,2024-08-01T08:00:00+00:00,17,2,17,1
378662,180370,2024-08-01T08:00:00+00:00,17,2,17,2
378663,180372,2024-08-01T10:25:00+00:00,11328,1001,1001,1
378663,180373,2024-08-01T10:25:00+00:00,11328,1001,11328,2
378663,180374,2024-08-01T10:25:00+00:00,11328,1001,1001,3
378657,180357,2024-08-02T08:00:00+00:00,8185,2355,2355,1
378657,180358,2024-08-02T08:00:00+00:00,8185,2355,8185,2
378657,180359,2024-08-02T08:00:00+00:00,8185,2355,8185,3
378656,180354,2024-08-02T11:00:00+00:00,2593,12010,2593,1
378656,180355,2024-08-02T11:00:00+00:00,2593,12010,2593,2
378667,180384,2024-08-03T08:00:00+00:00,2359,8304,2359,1
378667,180385,2024-08-03T08:00:00+00:00,2359,8304,2359,2
378669,180387,2024-08-03T10:30:00+00:00,2059,12685,12685,1
378669,180388,2024-08-03T10:30:00+00:00,2059,12685,2059,2
378669,180389,2024-08-03T10:30:00+00:00,2059,12685,12685,3
378674,180402,2024-08-04T08:00:00+00:00,11058,624,11058,1
378674,180403,2024-08-04T08:00:00+00:00,11058,624,11058,2
378673,180399,2024-08-04T10:15:00+00:00,1120,1184,1120,1
378673,180400,2024-08-04T10:15:00+00:00,1120,1184,1120,2
378664,180375,2024-08-06T08:00:00+00:00,17,1001,17,1
378664,180376,2024-08-06T08:00:00+00:00,17,1001,1001,2
378664,180377,2024-08-06T08:00:00+00:00,17,1001,1001,3
378658,180360,2024-08-06T11:35:00+00:00,2593,8185,8185,1
378658,180361,2024-08-06T11:35:00+00:00,2593,8185,8185,2
378670,180390,2024-08-07T08:00:00+00:00,2359,12685,12685,1
378670,180391,2024-08-07T08:00:00+00:00,2359,12685,2359,2
378670,180392,2024-08-07T08:00:00+00:00,2359,12685,12685,3
378675,180405,2024-08-07T11:15:00+00:00,1120,11058,1120,1
378675,180406,2024-08-07T11:15:00+00:00,1120,11058,11058,2
378675,180407,2024-08-07T11:15:00+00:00,1120,11058,11058,3
378665,180378,2024-08-08T08:00:00+00:00,2,11328,2,1
378665,180379,2024-08-08T08:00:00+00:00,2,11328,2,2
378659,180363,2024-08-08T10:10:00+00:00,12010,2355,2355,1
378659,180364,2024-08-08T10:10:00+00:00,12010,2355,2355,2
378671,180393,2024-08-09T08:00:00+00:00,8304,2059,2059,1
378671,180394,2024-08-09T08:00:00+00:00,8304,2059,2059,2
378676,180408,2024-08-09T10:25:00+00:00,1184,624,624,1
378676,180409,2024-08-09T10:25:00+00:00,1184,624,624,2
378666,180381,2024-08-10T08:00:00+00:00,17,2,2,1
378666,180382,2024-08-10T08:00:00+00:00,17,2,2,2
378660,180366,2024-08-10T10:15:00+00:00,2593,2355,2355,1
378660,180367,2024-08-10T10:15:00+00:00,2593,2355,2593,2
378660,180368,2024-08-10T10:15:00+00:00,2593,2355,2593,3
378672,180396,2024-08-11T08:00:00+00:00,2359,2059,2359,1
378672,180397,2024-08-11T08:00:00+00:00,2359,2059,2359,2
378677,180411,2024-08-11T10:15:00+00:00,1120,624,624,1
378677,180412,2024-08-11T10:15:00+00:00,1120,624,1120,2
378677,180413,2024-08-11T10:15:00+00:00,1120,624,1120,3
378822,180414,2024-08-14T08:00:00+00:00,8185,2,2,1
378822,180415,2024-08-14T08:00:00+00:00,8185,2,2,2
378823,180417,2024-08-14T10:25:00+00:00,12685,1120,1120,1
378823,180418,2024-08-14T10:25:00+00:00,12685,1120,1120,2
378824,180420,2024-08-15T08:00:00+00:00,11058,2359,2359,1
378824,180421,2024-08-15T08:00:00+00:00,11058,2359,2359,2
378825,180423,2024-08-15T10:35:00+00:00,1001,2593,1001,1
378825,180424,2024-08-15T10:35:00+00:00,1001,2593,1001,2
378831,180440,2024-08-16T08:00:00+00:00,8185,12685,8185,1
378831,180441,2024-08-16T08:00:00+00:00,8185,12685,8185,2
378832,180443,2024-08-16T09:50:00+00:00,11058,2593,2593,1
378832,180444,2024-08-16T09:50:00+00:00,11058,2593,2593,2
378826,180426,2024-08-17T08:00:00+00:00,2,1120,2,1
378826,180427,2024-08-17T08:00:00+00:00,2,1120,1120,2
378826,180428,2024-08-17T08:00:00+00:00,2,1120,1120,3
378827,180429,2024-08-17T11:15:00+00:00,2359,1001,2359,1
378827,180430,2024-08-17T11:15:00+00:00,2359,1001,2359,2
378834,180449,2024-08-18T08:00:00+00:00,2,2593,2,1
378834,180450,2024-08-18T08:00:00+00:00,2,2593,2593,2
378834,180451,2024-08-18T08:00:00+00:00,2,2593,2,3
378833,180446,2024-08-18T11:25:00+00:00,1001,8185,8185,1
378833,180447,2024-08-18T11:25:00+00:00,1001,8185,1001,2
378833,180448,2024-08-18T11:25:00+00:00,1001,8185,1001,3
378828,180432,2024-08-23T07:00:00+00:00,1120,2359,2359,1
378828,180433,2024-08-23T07:00:00+00:00,1120,2359,1120,2
378828,182971,2024-08-23T07:00:00+00:00,1120,2359,1120,3
378835,180452,2024-08-23T10:45:00+00:00,1001,2,2,1
378835,180453,2024-08-23T10:45:00+00:00,1001,2,1001,2
378835,180454,2024-08-23T10:45:00+00:00,1001,2,1001,3
378836,180455,2024-08-24T07:00:00+00:00,2359,1001,1001,1
378836,180456,2024-08-24T07:00:00+00:00,2359,1001,1001,2
378836,180457,2024-08-24T07:00:00+00:00,2359,1001,2359,3
378836,180458,2024-08-24T07:00:00+00:00,2359,1001,1001,4
378829,180435,2024-08-25T07:00:00+00:00,1120,1001,1001,1
378829,180436,2024-08-25T07:00:00+00:00,1120,1001,1120,2
378829,180437,2024-08-25T07:00:00+00:00,1120,1001,1120,3
378829,180438,2024-08-25T07:00:00+00:00,1120,1001,1001,4
378829,180439,2024-08-25T07:00:00+00:00,1120,1001,1120,5
430838,196667,2025-01-11T09:00:00+00:00,731,14137,14137,1
430838,196668,2025-01-11T09:00:00+00:00,731,14137,14137,2
430837,196664,2025-01-11T11:35:00+00:00,13581,13790,13581,1
430837,196665,2025-01-11T11:35:00+00:00,13581,13790,13581,2
430839,196670,2025-01-12T09:00:00+00:00,13576,11981,11981,1
430839,196671,2025-01-12T09:00:00+00:00,13576,11981,13576,2
430839,196672,2025-01-12T09:00:00+00:00,13576,11981,11981,3
430840,196673,2025-01-12T12:25:00+00:00,1119,12064,12064,1
430840,196674,2025-01-12T12:25:00+00:00,1119,12064,12064,2
429381,196073,2025-01-15T17:00:00+00:00,397,14419,397,1
429381,196074,2025-01-15T17:00:00+00:00,397,14419,14419,2
429381,196075,2025-01-15T17:00:00+00:00,397,14419,397,3
429380,196070,2025-01-15T20:30:00+00:00,8877,4915,4915,1
429380,196071,2025-01-15T20:30:00+00:00,8877,4915,8877,2
429380,196072,2025-01-15T20:30:00+00:00,8877,4915,8877,3
430842,196679,2025-01-16T09:00:00+00:00,11328,14137,14137,1
430842,196680,2025-01-16T09:00:00+00:00,11328,14137,11328,2
430842,196681,2025-01-16T09:00:00+00:00,11328,14137,11328,3
430841,196676,2025-01-16T12:20:00+00:00,12010,13581,13581,1
430841,196677,2025-01-16T12:20:00+00:00,12010,13581,12010,2
430841,196678,2025-01-16T12:20:00+00:00,12010,13581,12010,3
429379,196067,2025-01-16T17:00:00+00:00,474,7035,7035,1
429379,196068,2025-01-16T17:00:00+00:00,474,7035,474,2
429379,196069,2025-01-16T17:00:00+00:00,474,7035,474,3
429382,196076,2025-01-16T20:10:00+00:00,11479,12694,12694,1
429382,196077,2025-01-16T20:10:00+00:00,11479,12694,12694,2
427991,195761,2025-01-16T22:00:00+00:00,5248,6961,6961,1
427991,195762,2025-01-16T22:00:00+00:00,5248,6961,6961,2
427992,195764,2025-01-17T00:45:00+00:00,7386,120,120,1
427992,195765,2025-01-17T00:45:00+00:00,7386,120,120,2
430843,196682,2025-01-17T09:00:00+00:00,12685,11981,12685,1
430843,196683,2025-01-17T09:00:00+00:00,12685,11981,12685,2
430844,196685,2025-01-17T11:10:00+00:00,1120,12064,1120,1
430844,196686,2025-01-17T11:10:00+00:00,1120,12064,1120,2
429385,196085,2025-01-17T17:00:00+00:00,2593,397,397,1
429385,196086,2025-01-17T17:00:00+00:00,2593,397,2593,2
429385,196087,2025-01-17T17:00:00+00:00,2593,397,397,3
429384,196082,2025-01-17T21:00:00+00:00,2059,8877,2059,1
429384,196083,2025-01-17T21:00:00+00:00,2059,8877,8877,2
429384,196084,2025-01-17T21:00:00+00:00,2059,8877,2059,3
427994,195770,2025-01-17T22:00:00+00:00,15072,2406,2406,1
427994,195771,2025-01-17T22:00:00+00:00,15072,2406,2406,2
427993,195767,2025-01-18T00:05:00+00:00,1034,188,188,1
427993,195768,2025-01-18T00:05:00+00:00,1034,188,188,2
430514,196410,2025-01-18T08:00:00+00:00,466,14,14,1
430514,196411,2025-01-18T08:00:00+00:00,466,14,466,2
430514,196412,2025-01-18T08:00:00+00:00,466,14,14,3
430851,196708,2025-01-18T09:00:00+00:00,14137,13576,13576,1
430851,196709,2025-01-18T09:00:00+00:00,14137,13576,13576,2
430515,196413,2025-01-18T11:15:00+00:00,5448,11060,11060,1
430515,196414,2025-01-18T11:15:00+00:00,5448,11060,11060,2
430853,196711,2025-01-18T11:20:00+00:00,13581,1119,1119,1
430853,196712,2025-01-18T11:20:00+00:00,13581,1119,13581,2
430853,196713,2025-01-18T11:20:00+00:00,13581,1119,13581,3
427995,195773,2025-01-18T22:00:00+00:00,2355,6961,6961,1
427995,195774,2025-01-18T22:00:00+00:00,2355,6961,6961,2
427996,195776,2025-01-19T00:25:00+00:00,2,120,120,1
427996,195777,2025-01-19T00:25:00+00:00,2,120,2,2
427996,195778,2025-01-19T00:25:00+00:00,2,120,2,3
430516,196416,2025-01-19T08:00:00+00:00,918,6199,6199,1
430516,196417,2025-01-19T08:00:00+00:00,918,6199,918,2
430516,196418,2025-01-19T08:00:00+00:00,918,6199,918,3
430850,196705,2025-01-19T09:00:00+00:00,11981,731,11981,1
430850,196706,2025-01-19T09:00:00+00:00,11981,731,11981,2
430517,196419,2025-01-19T11:00:00+00:00,278,878,278,1
430517,196420,2025-01-19T11:00:00+00:00,278,878,878,2
430517,196421,2025-01-19T11:00:00+00:00,278,878,878,3
430849,196702,2025-01-19T11:15:00+00:00,12064,13790,12064,1
430849,196703,2025-01-19T11:15:00+00:00,12064,13790,13790,2
430849,196704,2025-01-19T11:15:00+00:00,12064,13790,12064,3
427998,195782,2025-01-19T22:00:00+00:00,2359,2406,2359,1
427998,195783,2025-01-19T22:00:00+00:00,2359,2406,2359,2
427997,195779,2025-01-20T00:20:00+00:00,11058,188,11058,1
427997,195780,2025-01-20T00:20:00+00:00,11058,188,11058,2
430521,196431,2025-01-20T08:00:00+00:00,8185,11060,8185,1
430521,196432,2025-01-20T08:00:00+00:00,8185,11060,11060,2
430521,196433,2025-01-20T08:00:00+00:00,8185,11060,8185,3
430845,196688,2025-01-20T09:00:00+00:00,12010,11328,12010,1
430845,196689,2025-01-20T09:00:00+00:00,12010,11328,12010,2
430518,196422,2025-01-20T11:15:00+00:00,624,14,14,1
430518,196423,2025-01-20T11:15:00+00:00,624,14,624,2
430518,196424,2025-01-20T11:15:00+00:00,624,14,14,3
430846,196691,2025-01-20T11:25:00+00:00,12685,1120,12685,1
430846,196692,2025-01-20T11:25:00+00:00,12685,1120,12685,2
430854,196714,2025-01-21T09:00:00+00:00,12064,11981,11981,1
430854,196715,2025-01-21T09:00:00+00:00,12064,11981,11981,2
430855,196717,2025-01-21T11:15:00+00:00,13576,13581,13576,1
430855,196718,2025-01-21T11:15:00+00:00,13576,13581,13581,2
430855,196719,2025-01-21T11:15:00+00:00,13576,13581,13581,3
430856,196720,2025-01-22T09:00:00+00:00,11328,11981,11981,1
430856,196721,2025-01-22T09:00:00+00:00,11328,11981,11328,2
430856,196722,2025-01-22T09:00:00+00:00,11328,11981,11981,3
430857,196723,2025-01-22T12:05:00+00:00,1120,13581,13581,1
430857,196724,2025-01-22T12:05:00+00:00,1120,13581,1120,2
430857,196725,2025-01-22T12:05:00+00:00,1120,13581,1120,3
429383,196079,2025-01-22T17:00:00+00:00,1184,474,1184,1
429383,196080,2025-01-22T17:00:00+00:00,1184,474,1184,2
429386,196088,2025-01-22T19:10:00+00:00,1001,12694,12694,1
429386,196089,2025-01-22T19:10:00+00:00,1001,12694,1001,2
429386,196090,2025-01-22T19:10:00+00:00,1001,12694,1001,3
430847,196694,2025-01-23T09:00:00+00:00,12010,12685,12685,1
430847,196695,2025-01-23T09:00:00+00:00,12010,12685,12010,2
430847,196696,2025-01-23T09:00:00+00:00,12010,12685,12685,3
430858,196726,2025-01-23T12:15:00+00:00,11981,1120,1120,1
430858,196727,2025-01-23T12:15:00+00:00,11981,1120,1120,2
429393,196111,2025-01-23T17:00:00+00:00,8877,14419,8877,1
429393,196112,2025-01-23T17:00:00+00:00,8877,14419,14419,2
429393,196113,2025-01-23T17:00:00+00:00,8877,14419,14419,3
429392,196108,2025-01-23T20:30:00+00:00,2593,4915,2593,1
429392,196109,2025-01-23T20:30:00+00:00,2593,4915,4915,2
429392,196110,2025-01-23T20:30:00+00:00,2593,4915,2593,3
428003,195799,2025-01-23T22:00:00+00:00,2406,5248,5248,1
428003,195800,2025-01-23T22:00:00+00:00,2406,5248,5248,2
428004,195802,2025-01-24T00:20:00+00:00,188,7386,188,1
428004,195803,2025-01-24T00:20:00+00:00,188,7386,7386,2
428004,195804,2025-01-24T00:20:00+00:00,188,7386,7386,3
430860,196729,2025-01-24T09:00:00+00:00,12010,1120,1120,1
430860,196730,2025-01-24T09:00:00+00:00,12010,1120,1120,2
430860,196731,2025-01-24T09:00:00+00:00,12010,1120,1120,3
429394,196114,2025-01-24T17:00:00+00:00,474,11479,474,1
429394,196115,2025-01-24T17:00:00+00:00,474,11479,11479,2
429394,196116,2025-01-24T17:00:00+00:00,474,11479,474,3
429391,196105,2025-01-24T20:10:00+00:00,12694,7035,12694,1
429391,196106,2025-01-24T20:10:00+00:00,12694,7035,7035,2
429391,196107,2025-01-24T20:10:00+00:00,12694,7035,12694,3
428006,195808,2025-01-24T22:00:00+00:00,2355,15072,2355,1
428006,195809,2025-01-24T22:00:00+00:00,2355,15072,2355,2
428005,195805,2025-01-25T00:00:00+00:00,120,1034,120,1
428005,195806,2025-01-25T00:00:00+00:00,120,1034,1034,2
428005,195807,2025-01-25T00:00:00+00:00,120,1034,1034,3
430519,196425,2025-01-25T08:00:00+00:00,8304,918,918,1
430519,196426,2025-01-25T08:00:00+00:00,8304,918,8304,2
430519,196427,2025-01-25T08:00:00+00:00,8304,918,8304,3
430848,196697,2025-01-25T09:00:00+00:00,12685,1120,12685,1
430848,196698,2025-01-25T09:00:00+00:00,12685,1120,1120,2
430848,196699,2025-01-25T09:00:00+00:00,12685,1120,1120,3
430848,196700,2025-01-25T09:00:00+00:00,12685,1120,1120,4
430520,196428,2025-01-25T11:00:00+00:00,17,878,878,1
430520,196429,2025-01-25T11:00:00+00:00,17,878,17,2
430520,196430,2025-01-25T11:00:00+00:00,17,878,17,3
430526,196448,2025-01-26T08:00:00+00:00,11060,466,11060,1
430526,196449,2025-01-26T08:00:00+00:00,11060,466,466,2
430526,196450,2025-01-26T08:00:00+00:00,11060,466,11060,3
430529,196457,2025-01-26T11:00:00+00:00,624,5448,624,1
430529,196458,2025-01-26T11:00:00+00:00,624,5448,624,2
430527,196451,2025-01-27T08:00:00+00:00,878,6199,6199,1
430527,196452,2025-01-27T08:00:00+00:00,878,6199,878,2
430527,196453,2025-01-27T08:00:00+00:00,878,6199,878,3
430528,196454,2025-01-27T11:00:00+00:00,918,278,278,1
430528,196455,2025-01-27T11:00:00+00:00,918,278,278,2
429388,196094,2025-01-29T17:00:00+00:00,397,1001,1001,1
429388,196095,2025-01-29T17:00:00+00:00,397,1001,1001,2
429387,196091,2025-01-29T19:25:00+00:00,1184,2059,2059,1
429387,196092,2025-01-29T19:25:00+00:00,1184,2059,2059,2
429395,196117,2025-01-30T17:00:00+00:00,12694,2593,2593,1
429395,196118,2025-01-30T17:00:00+00:00,12694,2593,2593,2
429396,196120,2025-01-30T19:15:00+00:00,14419,474,474,1
429396,196121,2025-01-30T19:15:00+00:00,14419,474,474,2
430522,196434,2025-01-31T08:00:00+00:00,14,8304,14,1
430522,196435,2025-01-31T08:00:00+00:00,14,8304,8304,2
430522,196436,2025-01-31T08:00:00+00:00,14,8304,14,3
430523,196437,2025-01-31T10:45:00+00:00,17,8185,8185,1
430523,196438,2025-01-31T10:45:00+00:00,17,8185,8185,2
429397,196123,2025-01-31T17:00:00+00:00,1184,2593,1184,1
429397,196124,2025-01-31T17:00:00+00:00,1184,2593,1184,2
429398,196126,2025-01-31T19:15:00+00:00,397,474,474,1
429398,196127,2025-01-31T19:15:00+00:00,397,474,397,2
429398,196128,2025-01-31T19:15:00+00:00,397,474,474,3
427999,195785,2025-01-31T22:00:00+00:00,6961,2,6961,1
427999,195786,2025-01-31T22:00:00+00:00,6961,2,2,2
427999,195787,2025-01-31T22:00:00+00:00,6961,2,2,3
428000,195788,2025-02-01T02:00:00+00:00,11058,2359,11058,1
428000,195789,2025-02-01T02:00:00+00:00,11058,2359,11058,2
430530,196460,2025-02-01T08:00:00+00:00,11060,878,878,1
430530,196461,2025-02-01T08:00:00+00:00,11060,878,11060,2
430530,196462,2025-02-01T08:00:00+00:00,11060,878,11060,3
430531,196463,2025-02-01T12:10:00+00:00,278,624,278,1
430531,196464,2025-02-01T12:10:00+00:00,278,624,278,2
428007,195811,2025-02-01T22:00:00+00:00,5248,7386,7386,1
428007,195812,2025-02-01T22:00:00+00:00,5248,7386,7386,2
428008,195814,2025-02-02T00:30:00+00:00,1034,2355,2355,1
428008,195815,2025-02-02T00:30:00+00:00,1034,2355,1034,2
428008,195816,2025-02-02T00:30:00+00:00,1034,2355,2355,3
430532,196466,2025-02-02T08:00:00+00:00,8304,11060,11060,1
430532,196467,2025-02-02T08:00:00+00:00,8304,11060,8304,2
430532,196468,2025-02-02T08:00:00+00:00,8304,11060,8304,3
430533,196469,2025-02-02T11:00:00+00:00,17,278,17,1
430533,196470,2025-02-02T11:00:00+00:00,17,278,17,2
428009,195817,2025-02-02T22:00:00+00:00,2359,7386,2359,1
428009,195818,2025-02-02T22:00:00+00:00,2359,7386,7386,2
428009,195819,2025-02-02T22:00:00+00:00,2359,7386,7386,3
428010,195820,2025-02-03T01:30:00+00:00,6961,2355,2355,1
428010,195821,2025-02-03T01:30:00+00:00,6961,2355,2355,2
428001,195791,2025-02-06T22:00:00+00:00,2,11058,11058,1
428001,195792,2025-02-06T22:00:00+00:00,2,11058,11058,2
428011,195823,2025-02-07T00:20:00+00:00,7386,2355,2355,1
428011,195824,2025-02-07T00:20:00+00:00,7386,2355,7386,2
428011,195825,2025-02-07T00:20:00+00:00,7386,2355,7386,3
430524,196440,2025-02-07T08:00:00+00:00,14,8185,14,1
430524,196441,2025-02-07T08:00:00+00:00,14,8185,8185,2
430524,196442,2025-02-07T08:00:00+00:00,14,8185,8185,3
430534,196472,2025-02-07T11:30:00+00:00,8304,17,17,1
430534,196473,2025-02-07T11:30:00+00:00,8304,17,17,2
429389,196097,2025-02-07T17:00:00+00:00,2059,1001,2059,1
429389,196098,2025-02-07T17:00:00+00:00,2059,1001,2059,2
429400,196129,2025-02-07T19:10:00+00:00,1184,474,474,1
429400,196130,2025-02-07T19:10:00+00:00,1184,474,1184,2
429400,196131,2025-02-07T19:10:00+00:00,1184,474,474,3
428012,195826,2025-02-07T22:00:00+00:00,2,7386,2,1
428012,195827,2025-02-07T22:00:00+00:00,2,7386,2,2
428012,195828,2025-02-07T22:00:00+00:00,2,7386,7386,3
428012,195829,2025-02-07T22:00:00+00:00,2,7386,2,4
430535,196475,2025-02-08T08:00:00+00:00,14,17,14,1
430535,196476,2025-02-08T08:00:00+00:00,14,17,14,2
430535,196477,2025-02-08T08:00:00+00:00,14,17,17,3
430535,196478,2025-02-08T08:00:00+00:00,14,17,17,4
430535,196479,2025-02-08T08:00:00+00:00,14,17,14,5
429401,196132,2025-02-08T17:00:00+00:00,1001,474,474,1
429401,196133,2025-02-08T17:00:00+00:00,1001,474,474,2
429401,196134,2025-02-08T17:00:00+00:00,1001,474,474,3
428002,195794,2025-02-08T22:00:00+00:00,11058,2,2,1
428002,195795,2025-02-08T22:00:00+00:00,11058,2,11058,2
428002,195796,2025-02-08T22:00:00+00:00,11058,2,2,3
428002,195797,2025-02-08T22:00:00+00:00,11058,2,11058,4
428002,195798,2025-02-08T22:00:00+00:00,11058,2,11058,5
430525,196443,2025-02-09T08:00:00+00:00,8185,14,8185,1
430525,196444,2025-02-09T08:00:00+00:00,8185,14,14,2
430525,196445,2025-02-09T08:00:00+00:00,8185,14,8185,3
430525,196446,2025-02-09T08:00:00+00:00,8185,14,14,4
430525,196447,2025-02-09T08:00:00+00:00,8185,14,8185,5
429390,196100,2025-02-09T17:00:00+00:00,2059,474,474,1
429390,196101,2025-02-09T17:00:00+00:00,2059,474,474,2
429390,196102,2025-02-09T17:00:00+00:00,2059,474,2059,3
429390,196103,2025-02-09T17:00:00+00:00,2059,474,2059,4
429390,196104,2025-02-09T17:00:00+00:00,2059,474,2059,5
448598,202495,2025-02-20T10:00:00+00:00,1120,474,1120,1
448598,202496,2025-02-20T10:00:00+00:00,1120,474,1120,2
448600,202501,2025-02-20T13:00:00+00:00,8185,2,8185,1
448600,202502,2025-02-20T13:00:00+00:00,8185,2,8185,2
448599,202498,2025-02-21T10:00:00+00:00,2059,14,2059,1
448599,202499,2025-02-21T10:00:00+00:00,2059,14,2059,2
448597,202492,2025-02-21T12:25:00+00:00,11058,12685,11058,1
448597,202493,2025-02-21T12:25:00+00:00,11058,12685,11058,2
449000,202765,2025-02-22T10:00:00+00:00,8185,2059,2059,1
449000,202766,2025-02-22T10:00:00+00:00,8185,2059,8185,2
449000,202767,2025-02-22T10:00:00+00:00,8185,2059,2059,3
449001,202768,2025-02-22T13:25:00+00:00,1120,11058,11058,1
449001,202769,2025-02-22T13:25:00+00:00,1120,11058,1120,2
449001,202770,2025-02-22T13:25:00+00:00,1120,11058,1120,3
449002,202771,2025-02-23T10:00:00+00:00,14,12685,14,1
449002,202772,2025-02-23T10:00:00+00:00,14,12685,14,2
449003,202774,2025-02-23T11:55:00+00:00,474,2,2,1
449003,202775,2025-02-23T11:55:00+00:00,474,2,474,2
449003,202776,2025-02-23T11:55:00+00:00,474,2,474,3
449004,202777,2025-02-24T10:00:00+00:00,14,8185,14,1
449004,202778,2025-02-24T10:00:00+00:00,14,8185,14,2
449005,202780,2025-02-24T12:10:00+00:00,11058,474,11058,1
449005,202781,2025-02-24T12:10:00+00:00,11058,474,11058,2
449008,202783,2025-02-27T10:00:00+00:00,1120,14,1120,1
449008,202784,2025-02-27T10:00:00+00:00,1120,14,14,2
449008,202785,2025-02-27T10:00:00+00:00,1120,14,1120,3
449009,202786,2025-02-27T13:15:00+00:00,2059,11058,11058,1
449009,202787,2025-02-27T13:15:00+00:00,2059,11058,11058,2
449010,202789,2025-02-28T10:00:00+00:00,1120,11058,11058,1
449010,202790,2025-02-28T10:00:00+00:00,1120,11058,11058,2
449012,202797,2025-02-28T12:05:00+00:00,14,2059,2059,1
449012,202798,2025-02-28T12:05:00+00:00,14,2059,14,2
449012,202799,2025-02-28T12:05:00+00:00,14,2059,14,3
449013,202800,2025-03-01T10:00:00+00:00,1120,14,14,1
449013,202801,2025-03-01T10:00:00+00:00,1120,14,14,2
449013,202802,2025-03-01T10:00:00+00:00,1120,14,1120,3
449013,202803,2025-03-01T10:00:00+00:00,1120,14,14,4
449011,202792,2025-03-02T11:15:00+00:00,11058,14,11058,1
449011,202793,2025-03-02T11:15:00+00:00,11058,14,14,2
449011,202794,2025-03-02T11:15:00+00:00,11058,14,11058,3
449011,202795,2025-03-02T11:15:00+00:00,11058,14,14,4
449011,202796,2025-03-02T11:15:00+00:00,11058,14,14,5
450047,203454,2025-03-13T11:00:00+00:00,13581,12010,13581,1
450047,203455,2025-03-13T11:00:00+00:00,13581,12010,12010,2
450047,203456,2025-03-13T11:00:00+00:00,13581,12010,12010,3
450048,203457,2025-03-14T11:00:00+00:00,12685,1119,12685,1
450048,203458,2025-03-14T11:00:00+00:00,12685,1119,1119,2
450048,203459,2025-03-14T11:00:00+00:00,12685,1119,12685,3
450049,203460,2025-03-15T09:00:00+00:00,11981,12064,11981,1
450049,203461,2025-03-15T09:00:00+00:00,11981,12064,11981,2
450050,203463,2025-03-15T11:05:00+00:00,731,1120,1120,1
450050,203464,2025-03-15T11:05:00+00:00,731,1120,1120,2
450051,203466,2025-03-16T09:00:00+00:00,13576,13790,13790,1
450051,203467,2025-03-16T09:00:00+00:00,13576,13790,13790,2
450052,203469,2025-03-16T11:25:00+00:00,11328,14137,11328,1
450052,203470,2025-03-16T11:25:00+00:00,11328,14137,11328,2
450053,203472,2025-03-20T11:00:00+00:00,12064,1120,12064,1
450053,203473,2025-03-20T11:00:00+00:00,12064,1120,12064,2
450054,203475,2025-03-21T11:00:00+00:00,731,11328,11328,1
450054,203476,2025-03-21T11:00:00+00:00,731,11328,731,2
450054,203477,2025-03-21T11:00:00+00:00,731,11328,11328,3
459517,206933,2025-03-21T21:00:00+00:00,188,1034,1034,1
459517,206934,2025-03-21T21:00:00+00:00,188,1034,188,2
459517,206935,2025-03-21T21:00:00+00:00,188,1034,188,3
459518,206936,2025-03-22T00:25:00+00:00,2355,6961,6961,1
459518,206937,2025-03-22T00:25:00+00:00,2355,6961,2355,2
459518,206938,2025-03-22T00:25:00+00:00,2355,6961,2355,3
458805,206150,2025-03-22T08:00:00+00:00,278,918,918,1
458805,206151,2025-03-22T08:00:00+00:00,278,918,918,2
450055,203478,2025-03-22T09:00:00+00:00,13581,1119,13581,1
450055,203479,2025-03-22T09:00:00+00:00,13581,1119,13581,2
458806,206153,2025-03-22T10:40:00+00:00,14,5448,14,1
458806,206154,2025-03-22T10:40:00+00:00,14,5448,5448,2
458806,206155,2025-03-22T10:40:00+00:00,14,5448,14,3
450056,203481,2025-03-22T11:20:00+00:00,13790,12685,13790,1
450056,203482,2025-03-22T11:20:00+00:00,13790,12685,13790,2
459519,206939,2025-03-22T21:00:00+00:00,11058,2406,11058,1
459519,206940,2025-03-22T21:00:00+00:00,11058,2406,11058,2
459520,206942,2025-03-22T23:25:00+00:00,7386,2359,7386,1
459520,206943,2025-03-22T23:25:00+00:00,7386,2359,7386,2
458807,206156,2025-03-23T08:00:00+00:00,8185,624,8185,1
458807,206157,2025-03-23T08:00:00+00:00,8185,624,624,2
458807,206158,2025-03-23T08:00:00+00:00,8185,624,8185,3
450057,203484,2025-03-23T09:00:00+00:00,14137,11981,11981,1
450057,203485,2025-03-23T09:00:00+00:00,14137,11981,14137,2
450057,203486,2025-03-23T09:00:00+00:00,14137,11981,14137,3
458808,206159,2025-03-23T11:05:00+00:00,8304,6199,6199,1
458808,206160,2025-03-23T11:05:00+00:00,8304,6199,8304,2
458808,206161,2025-03-23T11:05:00+00:00,8304,6199,8304,3
450058,203487,2025-03-23T12:15:00+00:00,12010,13576,12010,1
450058,203488,2025-03-23T12:15:00+00:00,12010,13576,13576,2
450058,203489,2025-03-23T12:15:00+00:00,12010,13576,12010,3
459521,206945,2025-03-23T21:00:00+00:00,15072,5248,5248,1
459521,206946,2025-03-23T21:00:00+00:00,15072,5248,5248,2
459522,206948,2025-03-23T23:30:00+00:00,2,120,2,1
459522,206949,2025-03-23T23:30:00+00:00,2,120,120,2
459522,206950,2025-03-23T23:30:00+00:00,2,120,2,3
458809,206162,2025-03-24T08:00:00+00:00,17,466,466,1
458809,206163,2025-03-24T08:00:00+00:00,17,466,466,2
458810,206165,2025-03-24T10:50:00+00:00,11060,878,878,1
458810,206166,2025-03-24T10:50:00+00:00,11060,878,11060,2
458810,206167,2025-03-24T10:50:00+00:00,11060,878,11060,3
459826,207147,2025-03-26T16:00:00+00:00,2059,14419,2059,1
459826,207148,2025-03-26T16:00:00+00:00,2059,14419,2059,2
459827,207150,2025-03-26T18:15:00+00:00,397,8877,8877,1
459827,207151,2025-03-26T18:15:00+00:00,397,8877,397,2
459827,207152,2025-03-26T18:15:00+00:00,397,8877,397,3
450059,203490,2025-03-27T11:00:00+00:00,13576,12685,12685,1
450059,203491,2025-03-27T11:00:00+00:00,13576,12685,12685,2
459828,207153,2025-03-27T16:00:00+00:00,1001,11479,11479,1
459828,207154,2025-03-27T16:00:00+00:00,1001,11479,1001,2
459828,207155,2025-03-27T16:00:00+00:00,1001,11479,1001,3
459829,207156,2025-03-27T19:15:00+00:00,1184,7035,1184,1
459829,207157,2025-03-27T19:15:00+00:00,1184,7035,1184,2
450060,203493,2025-03-28T11:00:00+00:00,13790,13581,13581,1
450060,203494,2025-03-28T11:00:00+00:00,13790,13581,13581,2
459830,207159,2025-03-28T16:00:00+00:00,2593,4915,2593,1
459830,207160,2025-03-28T16:00:00+00:00,2593,4915,2593,2
459831,207162,2025-03-28T18:30:00+00:00,474,12694,474,1
459831,207163,2025-03-28T18:30:00+00:00,474,12694,12694,2
459831,207164,2025-03-28T18:30:00+00:00,474,12694,12694,3
459523,206951,2025-03-28T21:00:00+00:00,1034,2406,2406,1
459523,206952,2025-03-28T21:00:00+00:00,1034,2406,1034,2
459523,206953,2025-03-28T21:00:00+00:00,1034,2406,1034,3
459524,206954,2025-03-29T00:00:00+00:00,2,2355,2355,1
459524,206955,2025-03-29T00:00:00+00:00,2,2355,2355,2
458811,206168,2025-03-29T08:00:00+00:00,6199,5448,5448,1
458811,206169,2025-03-29T08:00:00+00:00,6199,5448,5448,2
450061,203496,2025-03-29T09:00:00+00:00,731,14137,731,1
450061,203497,2025-03-29T09:00:00+00:00,731,14137,14137,2
450061,203498,2025-03-29T09:00:00+00:00,731,14137,14137,3
458812,206171,2025-03-29T10:35:00+00:00,14,11060,14,1
458812,206172,2025-03-29T10:35:00+00:00,14,11060,14,2
450062,203499,2025-03-29T12:15:00+00:00,11981,1120,1120,1
450062,203500,2025-03-29T12:15:00+00:00,11981,1120,11981,2
450062,203501,2025-03-29T12:15:00+00:00,11981,1120,1120,3
459525,206957,2025-03-29T21:00:00+00:00,120,5248,120,1
459525,206958,2025-03-29T21:00:00+00:00,120,5248,120,2
459526,206960,2025-03-29T23:15:00+00:00,11058,7386,7386,1
459526,206961,2025-03-29T23:15:00+00:00,11058,7386,11058,2
459526,206962,2025-03-29T23:15:00+00:00,11058,7386,11058,3
458813,206174,2025-03-30T08:00:00+00:00,17,624,17,1
458813,206175,2025-03-30T08:00:00+00:00,17,624,624,2
458813,206176,2025-03-30T08:00:00+00:00,17,624,17,3
450063,203502,2025-03-30T09:00:00+00:00,12064,11328,12064,1
450063,203503,2025-03-30T09:00:00+00:00,12064,11328,12064,2
458814,206177,2025-03-30T10:55:00+00:00,8185,278,8185,1
458814,206178,2025-03-30T10:55:00+00:00,8185,278,8185,2
450064,203505,2025-03-30T11:30:00+00:00,1119,12010,12010,1
450064,203506,2025-03-30T11:30:00+00:00,1119,12010,12010,2
459527,206963,2025-03-30T21:00:00+00:00,6961,15072,15072,1
459527,206964,2025-03-30T21:00:00+00:00,6961,15072,15072,2
459528,206966,2025-03-30T23:50:00+00:00,2359,188,188,1
459528,206967,2025-03-30T23:50:00+00:00,2359,188,188,2
458815,206180,2025-03-31T08:00:00+00:00,8304,878,878,1
458815,206181,2025-03-31T08:00:00+00:00,8304,878,878,2
458816,206183,2025-03-31T10:10:00+00:00,466,918,466,1
458816,206184,2025-03-31T10:10:00+00:00,466,918,466,2
459832,207165,2025-04-02T15:00:00+00:00,474,397,474,1
459832,207166,2025-04-02T15:00:00+00:00,474,397,397,2
459832,207167,2025-04-02T15:00:00+00:00,474,397,474,3
459833,207168,2025-04-02T17:50:00+00:00,11479,4915,11479,1
459833,207169,2025-04-02T17:50:00+00:00,11479,4915,4915,2
459833,207170,2025-04-02T17:50:00+00:00,11479,4915,4915,3
450065,203508,2025-04-03T11:00:00+00:00,11328,11981,11981,1
450065,203509,2025-04-03T11:00:00+00:00,11328,11981,11981,2
459834,207171,2025-04-03T15:00:00+00:00,1184,12694,12694,1
459834,207172,2025-04-03T15:00:00+00:00,1184,12694,1184,2
459834,207173,2025-04-03T15:00:00+00:00,1184,12694,1184,3
459835,207174,2025-04-03T18:25:00+00:00,1001,14419,1001,1
459835,207175,2025-04-03T18:25:00+00:00,1001,14419,14419,2
459835,207176,2025-04-03T18:25:00+00:00,1001,14419,1001,3
450066,203512,2025-04-04T11:00:00+00:00,12010,13790,12010,1
450066,203513,2025-04-04T11:00:00+00:00,12010,13790,12010,2
450066,210676,2025-04-04T11:00:00+00:00,12010,13790,13790,3
459836,207177,2025-04-04T15:00:00+00:00,2059,2593,2059,1
459836,207178,2025-04-04T15:00:00+00:00,2059,2593,2593,2
459836,207179,2025-04-04T15:00:00+00:00,2059,2593,2593,3
459837,207180,2025-04-04T19:10:00+00:00,7035,8877,8877,1
459837,207181,2025-04-04T19:10:00+00:00,7035,8877,8877,2
459529,206969,2025-04-04T21:00:00+00:00,5248,2,2,1
459529,206970,2025-04-04T21:00:00+00:00,5248,2,2,2
459530,206972,2025-04-04T23:10:00+00:00,120,6961,6961,1
459530,206973,2025-04-04T23:10:00+00:00,120,6961,120,2
459530,206974,2025-04-04T23:10:00+00:00,120,6961,120,3
458817,206186,2025-04-05T08:00:00+00:00,17,278,17,1
458817,206187,2025-04-05T08:00:00+00:00,17,278,17,2
450067,203514,2025-04-05T09:00:00+00:00,1119,13576,13576,1
450067,203515,2025-04-05T09:00:00+00:00,1119,13576,13576,2
458818,206189,2025-04-05T10:00:00+00:00,878,5448,878,1
458818,210878,2025-04-05T10:00:00+00:00,878,5448,878,2
450068,203517,2025-04-05T11:30:00+00:00,1120,14137,14137,1
450068,203518,2025-04-05T11:30:00+00:00,1120,14137,1120,2
450068,203519,2025-04-05T11:30:00+00:00,1120,14137,1120,3
459531,206975,2025-04-05T21:00:00+00:00,15072,2355,2355,1
459531,206976,2025-04-05T21:00:00+00:00,15072,2355,15072,2
459531,206977,2025-04-05T21:00:00+00:00,15072,2355,2355,3
459532,206978,2025-04-06T00:10:00+00:00,11058,1034,11058,1
459532,206979,2025-04-06T00:10:00+00:00,11058,1034,11058,2
458819,206193,2025-04-06T08:00:00+00:00,624,466,624,1
458819,206194,2025-04-06T08:00:00+00:00,624,466,466,2
458819,211027,2025-04-06T08:00:00+00:00,624,466,466,3
450069,203520,2025-04-06T09:00:00+00:00,12064,731,12064,1
450069,203521,2025-04-06T09:00:00+00:00,12064,731,731,2
450069,203522,2025-04-06T09:00:00+00:00,12064,731,12064,3
458820,206195,2025-04-06T11:45:00+00:00,8304,11060,11060,1
458820,206196,2025-04-06T11:45:00+00:00,8304,11060,8304,2
458820,206197,2025-04-06T11:45:00+00:00,8304,11060,8304,3
450070,203523,2025-04-06T12:00:00+00:00,12685,13581,13581,1
450070,203524,2025-04-06T12:00:00+00:00,12685,13581,12685,2
450070,203525,2025-04-06T12:00:00+00:00,12685,13581,13581,3
459533,206981,2025-04-06T21:00:00+00:00,2406,2359,2359,1
459533,206982,2025-04-06T21:00:00+00:00,2406,2359,2359,2
459534,206984,2025-04-06T23:15:00+00:00,188,7386,188,1
459534,206985,2025-04-06T23:15:00+00:00,188,7386,7386,2
459534,206986,2025-04-06T23:15:00+00:00,188,7386,7386,3
458821,211411,2025-04-07T08:00:00+00:00,8185,918,8185,1
458821,211440,2025-04-07T08:00:00+00:00,8185,918,8185,2
458822,206201,2025-04-07T10:00:00+00:00,14,6199,14,1
458822,206202,2025-04-07T10:00:00+00:00,14,6199,6199,2
458822,206203,2025-04-07T10:00:00+00:00,14,6199,14,3
459839,207183,2025-04-09T15:00:00+00:00,7035,397,397,1
459839,207184,2025-04-09T15:00:00+00:00,7035,397,397,2
459840,207186,2025-04-09T17:15:00+00:00,4915,14419,14419,1
459840,207187,2025-04-09T17:15:00+00:00,4915,14419,4915,2
459840,207188,2025-04-09T17:15:00+00:00,4915,14419,4915,3
450071,203526,2025-04-10T11:00:00+00:00,13576,13581,13581,1
450071,203528,2025-04-10T11:00:00+00:00,13576,13581,13581,2
450071,211581,2025-04-10T11:00:00+00:00,13576,13581,13576,3
459841,207189,2025-04-10T15:00:00+00:00,474,1184,474,1
459841,207190,2025-04-10T15:00:00+00:00,474,1184,474,2
459842,207192,2025-04-10T16:50:00+00:00,2059,1001,1001,1
459842,207193,2025-04-10T16:50:00+00:00,2059,1001,1001,2
450072,203529,2025-04-11T11:00:00+00:00,11981,731,11981,1
450072,203530,2025-04-11T11:00:00+00:00,11981,731,731,2
450072,203531,2025-04-11T11:00:00+00:00,11981,731,731,3
459843,207195,2025-04-11T15:00:00+00:00,11479,2593,2593,1
459843,207196,2025-04-11T15:00:00+00:00,11479,2593,2593,2
459844,207198,2025-04-11T18:00:00+00:00,8877,12694,8877,1
459844,207199,2025-04-11T18:00:00+00:00,8877,12694,8877,2
459535,206987,2025-04-11T21:00:00+00:00,120,15072,120,1
459535,206988,2025-04-11T21:00:00+00:00,120,15072,120,2
459536,206990,2025-04-11T23:30:00+00:00,11058,2359,11058,1
459536,206991,2025-04-11T23:30:00+00:00,11058,2359,2359,2
459536,206992,2025-04-11T23:30:00+00:00,11058,2359,11058,3
458823,206204,2025-04-12T08:00:00+00:00,11060,6199,11060,1
458823,206205,2025-04-12T08:00:00+00:00,11060,6199,11060,2
450073,203532,2025-04-12T09:00:00+00:00,13790,1119,13790,1
450073,203533,2025-04-12T09:00:00+00:00,13790,1119,1119,2
450073,203534,2025-04-12T09:00:00+00:00,13790,1119,13790,3
458824,206207,2025-04-12T10:15:00+00:00,8185,466,466,1
458824,206208,2025-04-12T10:15:00+00:00,8185,466,8185,2
458824,206209,2025-04-12T10:15:00+00:00,8185,466,466,3
450074,203535,2025-04-12T12:05:00+00:00,12010,12685,12685,1
450074,203536,2025-04-12T12:05:00+00:00,12010,12685,12010,2
450074,203537,2025-04-12T12:05:00+00:00,12010,12685,12685,3
459537,206993,2025-04-12T21:00:00+00:00,2406,188,188,1
459537,206994,2025-04-12T21:00:00+00:00,2406,188,188,2
459538,206996,2025-04-12T23:25:00+00:00,2,6961,2,1
459538,206997,2025-04-12T23:25:00+00:00,2,6961,6961,2
459538,211889,2025-04-12T23:25:00+00:00,2,6961,2,3
458825,206210,2025-04-13T08:00:00+00:00,14,878,14,1
458825,206211,2025-04-13T08:00:00+00:00,14,878,878,2
458825,206212,2025-04-13T08:00:00+00:00,14,878,878,3
450075,203538,2025-04-13T09:00:00+00:00,14137,12064,14137,1
450075,203539,2025-04-13T09:00:00+00:00,14137,12064,14137,2
450076,203541,2025-04-13T11:10:00+00:00,1120,11328,1120,1
450076,203542,2025-04-13T11:10:00+00:00,1120,11328,1120,2
458826,206213,2025-04-13T11:10:00+00:00,17,918,17,1
458826,206214,2025-04-13T11:10:00+00:00,17,918,17,2
459539,206999,2025-04-13T21:00:00+00:00,2355,5248,5248,1
459539,207000,2025-04-13T21:00:00+00:00,2355,5248,5248,2
459540,207002,2025-04-13T23:10:00+00:00,1034,7386,7386,1
459540,207003,2025-04-13T23:10:00+00:00,1034,7386,7386,2
458827,206216,2025-04-14T08:00:00+00:00,8304,5448,5448,1
458827,206217,2025-04-14T08:00:00+00:00,8304,5448,5448,2
458828,206219,2025-04-14T10:10:00+00:00,278,624,278,1
458828,206220,2025-04-14T10:10:00+00:00,278,624,624,2
458828,206221,2025-04-14T10:10:00+00:00,278,624,624,3
459845,207201,2025-04-16T15:00:00+00:00,2059,11479,2059,1
459845,207202,2025-04-16T15:00:00+00:00,2059,11479,2059,2
459846,212700,2025-04-16T17:20:00+00:00,474,7035,474,1
459846,212701,2025-04-16T17:20:00+00:00,474,7035,474,2
473233,212222,2025-04-17T09:00:00+00:00,14137,13790,13790,1
473233,212223,2025-04-17T09:00:00+00:00,14137,13790,13790,2
473234,212225,2025-04-17T11:30:00+00:00,13581,12064,13581,1
473234,212226,2025-04-17T11:30:00+00:00,13581,12064,13581,2
459847,207207,2025-04-17T15:00:00+00:00,12694,397,397,1
459847,207208,2025-04-17T15:00:00+00:00,12694,397,397,2
459848,207210,2025-04-17T17:10:00+00:00,14419,2593,14419,1
459848,207211,2025-04-17T17:10:00+00:00,14419,2593,2593,2
459848,207212,2025-04-17T17:10:00+00:00,14419,2593,2593,3
473235,212228,2025-04-18T09:00:00+00:00,14137,11981,14137,1
473235,212229,2025-04-18T09:00:00+00:00,14137,11981,11981,2
473235,212230,2025-04-18T09:00:00+00:00,14137,11981,11981,3
473236,212231,2025-04-18T12:50:00+00:00,12064,12685,12685,1
473236,212232,2025-04-18T12:50:00+00:00,12064,12685,12685,2
459849,207214,2025-04-18T15:00:00+00:00,8877,1184,1184,1
459849,207215,2025-04-18T15:00:00+00:00,8877,1184,1184,2
459849,212913,2025-04-18T15:00:00+00:00,8877,1184,8877,3
459850,207216,2025-04-18T19:20:00+00:00,4915,1001,1001,1
459850,207217,2025-04-18T19:20:00+00:00,4915,1001,1001,2
459541,207005,2025-04-18T21:00:00+00:00,11058,188,11058,1
459541,207006,2025-04-18T21:00:00+00:00,11058,188,188,2
459541,207007,2025-04-18T21:00:00+00:00,11058,188,11058,3
459542,207008,2025-04-19T00:00:00+00:00,7386,2406,7386,1
459542,207009,2025-04-19T00:00:00+00:00,7386,2406,2406,2
459542,207010,2025-04-19T00:00:00+00:00,7386,2406,7386,3
458830,206222,2025-04-19T08:00:00+00:00,624,918,624,1
458830,206223,2025-04-19T08:00:00+00:00,624,918,624,2
473237,212234,2025-04-19T09:00:00+00:00,12010,13790,13790,1
473237,212235,2025-04-19T09:00:00+00:00,12010,13790,13790,2
458831,206225,2025-04-19T10:00:00+00:00,14,8304,8304,1
458831,206226,2025-04-19T10:00:00+00:00,14,8304,8304,2
473238,212237,2025-04-19T11:15:00+00:00,1120,13581,13581,1
473238,212238,2025-04-19T11:15:00+00:00,1120,13581,13581,2
459543,207011,2025-04-19T21:00:00+00:00,2,15072,2,1
459543,207012,2025-04-19T21:00:00+00:00,2,15072,2,2
459544,207014,2025-04-19T23:10:00+00:00,2355,120,2355,1
459544,207015,2025-04-19T23:10:00+00:00,2355,120,2355,2
458832,206228,2025-04-20T08:00:00+00:00,8185,17,17,1
458832,206229,2025-04-20T08:00:00+00:00,8185,17,8185,2
458832,206230,2025-04-20T08:00:00+00:00,8185,17,8185,3
473240,212243,2025-04-20T09:00:00+00:00,12010,12685,12010,1
473240,212244,2025-04-20T09:00:00+00:00,12010,12685,12010,2
473239,212240,2025-04-20T11:10:00+00:00,1120,11981,1120,1
473239,212241,2025-04-20T11:10:00+00:00,1120,11981,11981,2
473239,212242,2025-04-20T11:10:00+00:00,1120,11981,1120,3
458833,206231,2025-04-20T11:30:00+00:00,11060,5448,11060,1
458833,206232,2025-04-20T11:30:00+00:00,11060,5448,5448,2
458833,206233,2025-04-20T11:30:00+00:00,11060,5448,11060,3
459545,207017,2025-04-20T21:00:00+00:00,5248,6961,6961,1
459545,207018,2025-04-20T21:00:00+00:00,5248,6961,5248,2
459545,207019,2025-04-20T21:00:00+00:00,5248,6961,5248,3
459546,207020,2025-04-21T01:00:00+00:00,2359,1034,1034,1
459546,207021,2025-04-21T01:00:00+00:00,2359,1034,1034,2
458834,206234,2025-04-21T08:00:00+00:00,278,466,466,1
458834,206235,2025-04-21T08:00:00+00:00,278,466,466,2
458835,206237,2025-04-21T10:00:00+00:00,878,6199,878,1
458835,206238,2025-04-21T10:00:00+00:00,878,6199,6199,2
458835,206239,2025-04-21T10:00:00+00:00,878,6199,6199,3
459852,207219,2025-04-23T15:00:00+00:00,397,1184,397,1
459852,207220,2025-04-23T15:00:00+00:00,397,1184,397,2
459853,207222,2025-04-23T19:00:00+00:00,14419,11479,14419,1
459853,207223,2025-04-23T19:00:00+00:00,14419,11479,14419,2
459854,207225,2025-04-24T15:00:00+00:00,12694,7035,12694,1
459854,207226,2025-04-24T15:00:00+00:00,12694,7035,7035,2
459854,207227,2025-04-24T15:00:00+00:00,12694,7035,7035,3
459855,207228,2025-04-24T18:05:00+00:00,2059,4915,4915,1
459855,207229,2025-04-24T18:05:00+00:00,2059,4915,4915,2
475897,213487,2025-04-24T21:00:00+00:00,7386,120,7386,1
475897,213488,2025-04-24T21:00:00+00:00,7386,120,7386,2
475898,213490,2025-04-24T23:15:00+00:00,2,188,2,1
475898,213491,2025-04-24T23:15:00+00:00,2,188,2,2
475903,213507,2025-04-25T21:00:00+00:00,120,1034,120,1
475903,213508,2025-04-25T21:00:00+00:00,120,1034,120,2
475904,213510,2025-04-25T23:15:00+00:00,188,5248,5248,1
475904,213511,2025-04-25T23:15:00+00:00,188,5248,5248,2
473833,212502,2025-04-26T08:00:00+00:00,8304,17,8304,1
473833,212503,2025-04-26T08:00:00+00:00,8304,17,17,2
473833,212504,2025-04-26T08:00:00+00:00,8304,17,17,3
473834,212505,2025-04-26T11:00:00+00:00,8185,14,8185,1
473834,212506,2025-04-26T11:00:00+00:00,8185,14,8185,2
475899,213493,2025-04-26T21:00:00+00:00,2355,7386,7386,1
475899,213494,2025-04-26T21:00:00+00:00,2355,7386,7386,2
475900,213496,2025-04-26T23:05:00+00:00,11058,2,11058,1
475900,213497,2025-04-26T23:05:00+00:00,11058,2,2,2
475900,213498,2025-04-26T23:05:00+00:00,11058,2,2,3
473837,212514,2025-04-27T08:00:00+00:00,466,17,17,1
473837,212515,2025-04-27T08:00:00+00:00,466,17,17,2
473838,212517,2025-04-27T10:10:00+00:00,878,8185,8185,1
473838,212518,2025-04-27T10:10:00+00:00,878,8185,878,2
473838,212519,2025-04-27T10:10:00+00:00,878,8185,878,3
475906,213516,2025-04-27T21:00:00+00:00,2355,5248,5248,1
475906,213517,2025-04-27T21:00:00+00:00,2355,5248,5248,2
475905,213513,2025-04-27T23:40:00+00:00,11058,120,11058,1
475905,213514,2025-04-27T23:40:00+00:00,11058,120,120,2
475905,213515,2025-04-27T23:40:00+00:00,11058,120,11058,3
473241,212246,2025-05-02T09:00:00+00:00,13790,13581,13581,1
473241,212247,2025-05-02T09:00:00+00:00,13790,13581,13581,2
473242,212249,2025-05-02T11:35:00+00:00,1120,12010,1120,1
473242,212250,2025-05-02T11:35:00+00:00,1120,12010,12010,2
473242,212251,2025-05-02T11:35:00+00:00,1120,12010,12010,3
459856,207232,2025-05-02T15:00:00+00:00,474,8877,8877,1
459856,207233,2025-05-02T15:00:00+00:00,474,8877,474,2
459856,214836,2025-05-02T15:00:00+00:00,474,8877,474,3
459857,207235,2025-05-02T17:30:00+00:00,2593,1001,1001,1
459857,215378,2025-05-02T17:30:00+00:00,2593,1001,1001,2
475901,213499,2025-05-02T21:00:00+00:00,7386,2,2,1
475901,213500,2025-05-02T21:00:00+00:00,7386,2,2,2
475907,213519,2025-05-02T23:50:00+00:00,11058,5248,5248,1
475907,213520,2025-05-02T23:50:00+00:00,11058,5248,11058,2
475907,213521,2025-05-02T23:50:00+00:00,11058,5248,11058,3
473835,212508,2025-05-03T08:00:00+00:00,8304,11060,8304,1
473835,212509,2025-05-03T08:00:00+00:00,8304,11060,11060,2
473835,212510,2025-05-03T08:00:00+00:00,8304,11060,8304,3
473243,212252,2025-05-03T09:00:00+00:00,13790,12010,12010,1
473243,212253,2025-05-03T09:00:00+00:00,13790,12010,12010,2
473243,212254,2025-05-03T09:00:00+00:00,13790,12010,12010,3
473836,212511,2025-05-03T11:25:00+00:00,14,624,14,1
473836,212512,2025-05-03T11:25:00+00:00,14,624,624,2
473836,212513,2025-05-03T11:25:00+00:00,14,624,624,3
475908,213522,2025-05-03T21:00:00+00:00,7386,11058,7386,1
475908,213523,2025-05-03T21:00:00+00:00,7386,11058,11058,2
475908,213524,2025-05-03T21:00:00+00:00,7386,11058,11058,3
475908,215607,2025-05-03T21:00:00+00:00,7386,11058,11058,4
473839,212520,2025-05-04T08:00:00+00:00,8185,8304,8185,1
473839,212521,2025-05-04T08:00:00+00:00,8185,8304,8185,2
473244,212257,2025-05-04T09:00:00+00:00,13581,12010,13581,1
473244,212258,2025-05-04T09:00:00+00:00,13581,12010,13581,2
473244,212259,2025-05-04T09:00:00+00:00,13581,12010,12010,3
473244,212260,2025-05-04T09:00:00+00:00,13581,12010,13581,4
473840,212523,2025-05-04T10:00:00+00:00,466,624,624,1
473840,212524,2025-05-04T10:00:00+00:00,466,624,624,2
475902,213502,2025-05-04T21:00:00+00:00,2,11058,11058,1
475902,213503,2025-05-04T21:00:00+00:00,2,11058,11058,2
475902,213504,2025-05-04T21:00:00+00:00,2,11058,2,3
475902,213505,2025-05-04T21:00:00+00:00,2,11058,11058,4
482503,215379,2025-05-08T15:00:00+00:00,397,4915,397,1
482503,215380,2025-05-08T15:00:00+00:00,397,4915,397,2
482504,215383,2025-05-08T18:00:00+00:00,2593,1184,2593,1
482504,216517,2025-05-08T18:00:00+00:00,2593,1184,2593,2
473841,212526,2025-05-09T08:00:00+00:00,17,878,17,1
473841,212527,2025-05-09T08:00:00+00:00,17,878,17,2
473842,212529,2025-05-09T10:00:00+00:00,8185,624,624,1
473842,212530,2025-05-09T10:00:00+00:00,8185,624,624,2
482505,215385,2025-05-09T15:00:00+00:00,4915,8877,8877,1
482505,215386,2025-05-09T15:00:00+00:00,4915,8877,4915,2
482505,216537,2025-05-09T15:00:00+00:00,4915,8877,4915,3
482506,215389,2025-05-09T19:05:00+00:00,1184,2059,1184,1
482506,216584,2025-05-09T19:05:00+00:00,1184,2059,1184,2
473843,212532,2025-05-10T08:00:00+00:00,878,624,624,1
473843,212533,2025-05-10T08:00:00+00:00,878,624,878,2
473843,212534,2025-05-10T08:00:00+00:00,878,624,878,3
473843,212535,2025-05-10T08:00:00+00:00,878,624,624,4
473843,212536,2025-05-10T08:00:00+00:00,878,624,878,5
482507,215392,2025-05-10T15:00:00+00:00,1001,397,1001,1
482507,216644,2025-05-10T15:00:00+00:00,1001,397,1001,2
482508,215394,2025-05-10T17:25:00+00:00,474,2593,2593,1
482508,215395,2025-05-10T17:25:00+00:00,474,2593,474,2
482508,215396,2025-05-10T17:25:00+00:00,474,2593,2593,3
473844,212537,2025-05-11T08:00:00+00:00,17,878,17,1
473844,212538,2025-05-11T08:00:00+00:00,17,878,878,2
473844,212539,2025-05-11T08:00:00+00:00,17,878,878,3
473844,212540,2025-05-11T08:00:00+00:00,17,878,878,4
482510,215402,2025-05-11T15:00:00+00:00,397,1184,397,1
482510,216645,2025-05-11T15:00:00+00:00,397,1184,397,2
482510,216646,2025-05-11T15:00:00+00:00,397,1184,1184,3
482509,215397,2025-05-11T18:45:00+00:00,474,4915,4915,1
482509,215398,2025-05-11T18:45:00+00:00,474,4915,474,2
482509,215399,2025-05-11T18:45:00+00:00,474,4915,474,3
482515,215416,2025-05-16T15:00:00+00:00,1001,2593,2593,1
482515,217080,2025-05-16T15:00:00+00:00,1001,2593,2593,2
482511,215403,2025-05-16T17:20:00+00:00,474,397,474,1
482511,215404,2025-05-16T17:20:00+00:00,474,397,397,2
482511,215405,2025-05-16T17:20:00+00:00,474,397,474,3
482512,215406,2025-05-17T16:00:00+00:00,1001,474,1001,1
482512,215407,2025-05-17T16:00:00+00:00,1001,474,1001,2
482512,215408,2025-05-17T16:00:00+00:00,1001,474,1001,3
482513,215411,2025-05-18T16:00:00+00:00,2593,1001,2593,1
482513,215412,2025-05-18T16:00:00+00:00,2593,1001,2593,2
482513,215413,2025-05-18T16:00:00+00:00,2593,1001,2593,3
490309,217256,2025-06-07T16:00:00+00:00,1001,624,624,1
490309,217257,2025-06-07T16:00:00+00:00,1001,624,624,2
490307,217250,2025-06-07T18:10:00+00:00,12010,474,12010,1
490307,217251,2025-06-07T18:10:00+00:00,12010,474,474,2
490307,217252,2025-06-07T18:10:00+00:00,12010,474,12010,3
490308,217253,2025-06-08T16:00:00+00:00,2,13790,2,1
490308,217254,2025-06-08T16:00:00+00:00,2,13790,2,2
490306,217247,2025-06-08T18:45:00+00:00,17,7386,17,1
490306,217248,2025-06-08T18:45:00+00:00,17,7386,17,2
490311,217262,2025-06-09T16:00:00+00:00,12010,2,12010,1
490311,217263,2025-06-09T16:00:00+00:00,12010,2,2,2
490311,217264,2025-06-09T16:00:00+00:00,12010,2,2,3
490310,217259,2025-06-09T19:30:00+00:00,624,17,17,1
490310,217260,2025-06-09T19:30:00+00:00,624,17,17,2
490312,217265,2025-06-10T16:00:00+00:00,1001,13790,13790,1
490312,217266,2025-06-10T16:00:00+00:00,1001,13790,13790,2
490313,217268,2025-06-10T18:30:00+00:00,474,7386,474,1
490313,217269,2025-06-10T18:30:00+00:00,474,7386,474,2
490315,217275,2025-06-11T16:00:00+00:00,12010,13790,13790,1
490315,221383,2025-06-11T16:00:00+00:00,12010,13790,13790,2
490314,217271,2025-06-11T18:30:00+00:00,624,474,474,1
490314,217272,2025-06-11T18:30:00+00:00,624,474,624,2
490314,217273,2025-06-11T18:30:00+00:00,624,474,624,3
498622,221150,2025-06-13T16:00:00+00:00,11058,624,624,1
498622,221151,2025-06-13T16:00:00+00:00,11058,624,624,2
498621,221147,2025-06-13T18:25:00+00:00,13581,2,2,1
498621,221148,2025-06-13T18:25:00+00:00,13581,2,2,2
498623,221153,2025-06-14T16:00:00+00:00,878,13790,13790,1
498623,221154,2025-06-14T16:00:00+00:00,878,13790,13790,2
498624,221156,2025-06-14T18:30:00+00:00,2593,17,17,1
498624,221157,2025-06-14T18:30:00+00:00,2593,17,2593,2
498624,221158,2025-06-14T18:30:00+00:00,2593,17,17,3
498629,221173,2025-06-15T16:00:00+00:00,13581,11058,11058,1
498629,221174,2025-06-15T16:00:00+00:00,13581,11058,11058,2
498630,221176,2025-06-15T18:10:00+00:00,878,2593,2593,1
498630,221177,2025-06-15T18:10:00+00:00,878,2593,878,2
498630,221178,2025-06-15T18:10:00+00:00,878,2593,2593,3
498626,221162,2025-06-16T16:00:00+00:00,13790,17,13790,1
498626,221163,2025-06-16T16:00:00+00:00,13790,17,13790,2
498625,221159,2025-06-16T18:30:00+00:00,2,624,624,1
498625,221160,2025-06-16T18:30:00+00:00,2,624,624,2
498631,221179,2025-06-17T16:00:00+00:00,17,11058,11058,1
498631,221180,2025-06-17T16:00:00+00:00,17,11058,17,2
498631,221181,2025-06-17T16:00:00+00:00,17,11058,11058,3
498632,221182,2025-06-17T19:35:00+00:00,2,2593,2,1
498632,221183,2025-06-17T19:35:00+00:00,2,2593,2593,2
498632,221184,2025-06-17T19:35:00+00:00,2,2593,2593,3
498627,221165,2025-06-20T16:00:00+00:00,624,13790,624,1
498627,221166,2025-06-20T16:00:00+00:00,624,13790,624,2
498633,221185,2025-06-20T18:40:00+00:00,11058,2593,2593,1
498633,221186,2025-06-20T18:40:00+00:00,11058,2593,2593,2
498634,221188,2025-06-21T16:00:00+00:00,13790,2593,2593,1
498634,221189,2025-06-21T16:00:00+00:00,13790,2593,2593,2
498634,221190,2025-06-21T16:00:00+00:00,13790,2593,13790,3
498634,221191,2025-06-21T16:00:00+00:00,13790,2593,2593,4
498628,221168,2025-06-22T17:15:00+00:00,624,2593,624,1
498628,221169,2025-06-22T17:15:00+00:00,624,2593,2593,2
498628,221170,2025-06-22T17:15:00+00:00,624,2593,624,3
498628,221171,2025-06-22T17:15:00+00:00,624,2593,624,4
506930,223138,2025-07-03T11:00:00+00:00,1120,14137,1120,1
506930,223139,2025-07-03T11:00:00+00:00,1120,14137,1120,2
506931,223141,2025-07-04T11:00:00+00:00,12010,731,12010,1
506931,223142,2025-07-04T11:00:00+00:00,12010,731,12010,2
506932,223144,2025-07-05T09:00:00+00:00,1119,13581,1119,1
506932,223145,2025-07-05T09:00:00+00:00,1119,13581,13581,2
506932,223146,2025-07-05T09:00:00+00:00,1119,13581,13581,3
506933,223147,2025-07-05T11:45:00+00:00,13790,11328,11328,1
506933,223148,2025-07-05T11:45:00+00:00,13790,11328,11328,2
506934,223150,2025-07-06T09:00:00+00:00,11981,12064,11981,1
506934,223151,2025-07-06T09:00:00+00:00,11981,12064,12064,2
506934,223152,2025-07-06T09:00:00+00:00,11981,12064,11981,3
506935,223153,2025-07-06T12:05:00+00:00,13576,12685,12685,1
506935,223154,2025-07-06T12:05:00+00:00,13576,12685,13576,2
506935,223155,2025-07-06T12:05:00+00:00,13576,12685,12685,3
508815,223654,2025-07-15T08:00:00+00:00,466,8304,8304,1
508815,223655,2025-07-15T08:00:00+00:00,466,8304,8304,2
508816,223657,2025-07-15T10:15:00+00:00,11060,6199,6199,1
508816,223658,2025-07-15T10:15:00+00:00,11060,6199,11060,2
508816,223659,2025-07-15T10:15:00+00:00,11060,6199,11060,3
508817,223660,2025-07-16T08:00:00+00:00,14,624,624,1
508817,223661,2025-07-16T08:00:00+00:00,14,624,624,2
508818,223664,2025-07-16T10:35:00+00:00,8185,17,17,1
508818,227727,2025-07-16T10:35:00+00:00,8185,17,17,2
506936,223156,2025-07-16T11:00:00+00:00,12685,731,731,1
506936,223157,2025-07-16T11:00:00+00:00,12685,731,731,2
511543,226424,2025-07-16T15:00:00+00:00,4915,11479,4915,1
511543,226425,2025-07-16T15:00:00+00:00,4915,11479,11479,2
511543,226426,2025-07-16T15:00:00+00:00,4915,11479,4915,3
511544,226427,2025-07-16T17:50:00+00:00,2059,14419,14419,1
511544,226428,2025-07-16T17:50:00+00:00,2059,14419,14419,2
508819,223667,2025-07-17T08:00:00+00:00,878,918,918,1
508819,227752,2025-07-17T08:00:00+00:00,878,918,918,2
508820,223669,2025-07-17T10:15:00+00:00,5448,278,278,1
508820,223670,2025-07-17T10:15:00+00:00,5448,278,5448,2
508820,223671,2025-07-17T10:15:00+00:00,5448,278,278,3
506937,223159,2025-07-17T11:00:00+00:00,11328,12064,12064,1
506937,223160,2025-07-17T11:00:00+00:00,11328,12064,11328,2
506937,223161,2025-07-17T11:00:00+00:00,11328,12064,11328,3
511545,226430,2025-07-17T15:00:00+00:00,1184,12694,12694,1
511545,226431,2025-07-17T15:00:00+00:00,1184,12694,1184,2
511545,226432,2025-07-17T15:00:00+00:00,1184,12694,1184,3
511546,226433,2025-07-17T18:30:00+00:00,474,7035,474,1
511546,226434,2025-07-17T18:30:00+00:00,474,7035,7035,2
511546,226435,2025-07-17T18:30:00+00:00,474,7035,474,3
508821,223672,2025-07-18T08:00:00+00:00,8185,11060,8185,1
508821,227984,2025-07-18T08:00:00+00:00,8185,11060,11060,2
508821,227985,2025-07-18T08:00:00+00:00,8185,11060,8185,3
506938,223162,2025-07-18T09:00:00+00:00,1119,13790,1119,1
506938,223163,2025-07-18T09:00:00+00:00,1119,13790,1119,2
506939,223165,2025-07-18T11:00:00+00:00,13576,12010,12010,1
506939,223166,2025-07-18T11:00:00+00:00,13576,12010,13576,2
506939,223167,2025-07-18T11:00:00+00:00,13576,12010,12010,3
508822,223673,2025-07-18T11:10:00+00:00,466,14,14,1
508822,223674,2025-07-18T11:10:00+00:00,466,14,14,2
511547,226436,2025-07-18T15:00:00+00:00,1001,397,397,1
511547,226437,2025-07-18T15:00:00+00:00,1001,397,1001,2
511547,226438,2025-07-18T15:00:00+00:00,1001,397,1001,3
511548,226439,2025-07-18T18:15:00+00:00,2593,8877,2593,1
511548,226440,2025-07-18T18:15:00+00:00,2593,8877,8877,2
511548,226441,2025-07-18T18:15:00+00:00,2593,8877,2593,3
509801,224713,2025-07-18T21:00:00+00:00,188,2406,188,1
509801,224714,2025-07-18T21:00:00+00:00,188,2406,188,2
509802,224716,2025-07-18T23:10:00+00:00,2359,6961,2359,1
509802,224717,2025-07-18T23:10:00+00:00,2359,6961,6961,2
509802,224718,2025-07-18T23:10:00+00:00,2359,6961,6961,3
508823,223676,2025-07-19T08:00:00+00:00,918,6199,6199,1
508823,223677,2025-07-19T08:00:00+00:00,918,6199,918,2
508823,223678,2025-07-19T08:00:00+00:00,918,6199,6199,3
506940,223168,2025-07-19T09:00:00+00:00,731,14137,731,1
506940,223169,2025-07-19T09:00:00+00:00,731,14137,731,2
506941,223171,2025-07-19T11:10:00+00:00,12685,1120,12685,1
506941,223172,2025-07-19T11:10:00+00:00,12685,1120,1120,2
506941,223173,2025-07-19T11:10:00+00:00,12685,1120,12685,3
508824,223680,2025-07-19T11:20:00+00:00,624,278,624,1
508824,228042,2025-07-19T11:20:00+00:00,624,278,624,2
509803,224719,2025-07-19T21:00:00+00:00,5248,15072,15072,1
509803,224720,2025-07-19T21:00:00+00:00,5248,15072,5248,2
509803,224721,2025-07-19T21:00:00+00:00,5248,15072,5248,3
509804,224722,2025-07-20T00:25:00+00:00,7386,2355,7386,1
509804,224723,2025-07-20T00:25:00+00:00,7386,2355,2355,2
509804,224724,2025-07-20T00:25:00+00:00,7386,2355,2355,3
508825,223682,2025-07-20T08:00:00+00:00,8304,5448,8304,1
508825,223683,2025-07-20T08:00:00+00:00,8304,5448,8304,2
506942,223174,2025-07-20T09:00:00+00:00,11981,1119,1119,1
506942,223175,2025-07-20T09:00:00+00:00,11981,1119,11981,2
506942,223176,2025-07-20T09:00:00+00:00,11981,1119,11981,3
508826,223686,2025-07-20T10:00:00+00:00,878,17,17,1
508826,223687,2025-07-20T10:00:00+00:00,878,17,878,2
508826,228313,2025-07-20T10:00:00+00:00,878,17,878,3
506943,223177,2025-07-20T12:10:00+00:00,13581,13790,13581,1
506943,223178,2025-07-20T12:10:00+00:00,13581,13790,13581,2
509805,224725,2025-07-20T21:00:00+00:00,120,1034,120,1
509805,224726,2025-07-20T21:00:00+00:00,120,1034,120,2
509806,224728,2025-07-20T23:00:00+00:00,2,11058,2,1
509806,224729,2025-07-20T23:00:00+00:00,2,11058,11058,2
509806,224730,2025-07-20T23:00:00+00:00,2,11058,2,3
506945,223180,2025-07-23T11:00:00+00:00,14137,12010,12010,1
506945,223181,2025-07-23T11:00:00+00:00,14137,12010,12010,2
511549,226442,2025-07-23T15:00:00+00:00,11479,8877,8877,1
511549,226443,2025-07-23T15:00:00+00:00,11479,8877,11479,2
511549,226444,2025-07-23T15:00:00+00:00,11479,8877,8877,3
511550,226445,2025-07-23T18:30:00+00:00,14419,397,14419,1
511550,226446,2025-07-23T18:30:00+00:00,14419,397,397,2
511550,226447,2025-07-23T18:30:00+00:00,14419,397,14419,3
506946,223183,2025-07-24T11:00:00+00:00,11328,11981,11328,1
506946,223184,2025-07-24T11:00:00+00:00,11328,11981,11981,2
506946,223185,2025-07-24T11:00:00+00:00,11328,11981,11328,3
511551,226448,2025-07-24T15:00:00+00:00,474,4915,474,1
511551,226449,2025-07-24T15:00:00+00:00,474,4915,474,2
511552,226451,2025-07-24T17:05:00+00:00,12694,1001,1001,1
511552,226452,2025-07-24T17:05:00+00:00,12694,1001,12694,2
511552,226453,2025-07-24T17:05:00+00:00,12694,1001,1001,3
508828,223688,2025-07-25T08:00:00+00:00,17,918,918,1
508828,223689,2025-07-25T08:00:00+00:00,17,918,17,2
508828,223690,2025-07-25T08:00:00+00:00,17,918,17,3
506947,223186,2025-07-25T09:00:00+00:00,12064,1119,12064,1
506947,223187,2025-07-25T09:00:00+00:00,12064,1119,1119,2
506947,223188,2025-07-25T09:00:00+00:00,12064,1119,1119,3
508829,223692,2025-07-25T10:50:00+00:00,8304,278,8304,1
508829,223693,2025-07-25T10:50:00+00:00,8304,278,278,2
508829,229069,2025-07-25T10:50:00+00:00,8304,278,278,3
506948,223189,2025-07-25T12:30:00+00:00,731,1120,1120,1
506948,223190,2025-07-25T12:30:00+00:00,731,1120,1120,2
511553,226454,2025-07-25T15:00:00+00:00,1184,2059,2059,1
511553,226455,2025-07-25T15:00:00+00:00,1184,2059,2059,2
511554,226457,2025-07-25T16:55:00+00:00,7035,2593,2593,1
511554,226458,2025-07-25T16:55:00+00:00,7035,2593,2593,2
509807,224731,2025-07-25T21:00:00+00:00,15072,11058,11058,1
509807,224732,2025-07-25T21:00:00+00:00,15072,11058,11058,2
509808,224734,2025-07-25T23:10:00+00:00,2406,2,2,1
509808,224735,2025-07-25T23:10:00+00:00,2406,2,2,2
508830,223694,2025-07-26T08:00:00+00:00,14,5448,14,1
508830,223695,2025-07-26T08:00:00+00:00,14,5448,14,2
506949,223192,2025-07-26T09:00:00+00:00,14137,13576,13576,1
506949,223193,2025-07-26T09:00:00+00:00,14137,13576,14137,2
506949,223194,2025-07-26T09:00:00+00:00,14137,13576,13576,3
508831,223697,2025-07-26T10:05:00+00:00,878,11060,11060,1
508831,223698,2025-07-26T10:05:00+00:00,878,11060,878,2
508831,223699,2025-07-26T10:05:00+00:00,878,11060,878,3
506950,223195,2025-07-26T12:25:00+00:00,12010,12685,12010,1
506950,223196,2025-07-26T12:25:00+00:00,12010,12685,12685,2
506950,223197,2025-07-26T12:25:00+00:00,12010,12685,12685,3
509809,224737,2025-07-26T21:00:00+00:00,120,2355,120,1
509809,224738,2025-07-26T21:00:00+00:00,120,2355,120,2
509810,224740,2025-07-26T23:00:00+00:00,1034,6961,1034,1
509810,224741,2025-07-26T23:00:00+00:00,1034,6961,1034,2
508832,223701,2025-07-27T08:00:00+00:00,8185,6199,8185,1
508832,229399,2025-07-27T08:00:00+00:00,8185,6199,8185,2
506951,223198,2025-07-27T09:00:00+00:00,13790,11981,13790,1
506951,223199,2025-07-27T09:00:00+00:00,13790,11981,11981,2
506951,223200,2025-07-27T09:00:00+00:00,13790,11981,13790,3
508833,223703,2025-07-27T10:00:00+00:00,466,624,624,1
508833,223704,2025-07-27T10:00:00+00:00,466,624,624,2
506952,223201,2025-07-27T12:35:00+00:00,13581,11328,13581,1
506952,223202,2025-07-27T12:35:00+00:00,13581,11328,13581,2
509811,224743,2025-07-27T21:00:00+00:00,188,5248,188,1
509811,224744,2025-07-27T21:00:00+00:00,188,5248,188,2
509812,224746,2025-07-27T23:25:00+00:00,7386,2359,2359,1
509812,224747,2025-07-27T23:25:00+00:00,7386,2359,2359,2
511562,226460,2025-07-30T15:00:00+00:00,1184,14419,14419,1
511562,226461,2025-07-30T15:00:00+00:00,1184,14419,1184,2
511562,226462,2025-07-30T15:00:00+00:00,1184,14419,1184,3
511563,226463,2025-07-30T18:10:00+00:00,12694,397,397,1
511563,226464,2025-07-30T18:10:00+00:00,12694,397,397,2
506953,223204,2025-07-31T09:00:00+00:00,12064,13581,13581,1
506953,223205,2025-07-31T09:00:00+00:00,12064,13581,13581,2
506954,223207,2025-07-31T11:00:00+00:00,1120,13576,1120,1
506954,223208,2025-07-31T11:00:00+00:00,1120,13576,13576,2
506954,223209,2025-07-31T11:00:00+00:00,1120,13576,1120,3
511564,226466,2025-07-31T15:00:00+00:00,474,11479,474,1
511564,226467,2025-07-31T15:00:00+00:00,474,11479,11479,2
511564,226468,2025-07-31T15:00:00+00:00,474,11479,474,3
511565,226469,2025-07-31T18:40:00+00:00,7035,8877,7035,1
511565,226470,2025-07-31T18:40:00+00:00,7035,8877,8877,2
511565,226471,2025-07-31T18:40:00+00:00,7035,8877,8877,3
508834,223706,2025-08-01T08:00:00+00:00,17,6199,17,1
508834,223707,2025-08-01T08:00:00+00:00,17,6199,17,2
506955,223210,2025-08-01T09:00:00+00:00,1119,11328,1119,1
506955,223211,2025-08-01T09:00:00+00:00,1119,11328,1119,2
508835,223709,2025-08-01T10:00:00+00:00,8304,14,8304,1
508835,223710,2025-08-01T10:00:00+00:00,8304,14,8304,2
506956,223213,2025-08-01T11:40:00+00:00,12685,14137,14137,1
506956,223214,2025-08-01T11:40:00+00:00,12685,14137,14137,2
511566,226473,2025-08-01T15:00:00+00:00,4915,2593,4915,1
511566,226474,2025-08-01T15:00:00+00:00,4915,2593,2593,2
511566,230237,2025-08-01T15:00:00+00:00,4915,2593,2593,3
511567,226475,2025-08-01T18:40:00+00:00,2059,1001,1001,1
511567,226476,2025-08-01T18:40:00+00:00,2059,1001,1001,2
509813,224749,2025-08-01T21:00:00+00:00,15072,2406,2406,1
509813,224750,2025-08-01T21:00:00+00:00,15072,2406,15072,2
509813,224751,2025-08-01T21:00:00+00:00,15072,2406,15072,3
509814,224752,2025-08-02T00:05:00+00:00,2359,1034,1034,1
509814,224753,2025-08-02T00:05:00+00:00,2359,1034,2359,2
509814,224754,2025-08-02T00:05:00+00:00,2359,1034,1034,3
508836,223712,2025-08-02T08:00:00+00:00,466,278,278,1
508836,223713,2025-08-02T08:00:00+00:00,466,278,278,2
506957,223216,2025-08-02T09:00:00+00:00,12064,13790,13790,1
506957,223217,2025-08-02T09:00:00+00:00,12064,13790,12064,2
506957,223218,2025-08-02T09:00:00+00:00,12064,13790,12064,3
508837,223715,2025-08-02T10:05:00+00:00,878,8185,8185,1
508837,223716,2025-08-02T10:05:00+00:00,878,8185,8185,2
506958,223219,2025-08-02T12:20:00+00:00,11981,13581,11981,1
506958,223220,2025-08-02T12:20:00+00:00,11981,13581,13581,2
506958,223221,2025-08-02T12:20:00+00:00,11981,13581,11981,3
509815,224755,2025-08-02T21:00:00+00:00,2,188,2,1
509815,224756,2025-08-02T21:00:00+00:00,2,188,2,2
509816,224758,2025-08-02T23:15:00+00:00,7386,120,7386,1
509816,224759,2025-08-02T23:15:00+00:00,7386,120,7386,2
508838,223718,2025-08-03T08:00:00+00:00,11060,918,11060,1
508838,223719,2025-08-03T08:00:00+00:00,11060,918,11060,2
506959,223222,2025-08-03T09:00:00+00:00,731,13576,13576,1
506959,223223,2025-08-03T09:00:00+00:00,731,13576,731,2
506959,223224,2025-08-03T09:00:00+00:00,731,13576,731,3
508839,223721,2025-08-03T10:10:00+00:00,624,5448,5448,1
508839,223722,2025-08-03T10:10:00+00:00,624,5448,5448,2
506960,223225,2025-08-03T12:00:00+00:00,12010,1120,12010,1
506960,223226,2025-08-03T12:00:00+00:00,12010,1120,12010,2
509817,224761,2025-08-03T21:00:00+00:00,11058,5248,5248,1
509817,224762,2025-08-03T21:00:00+00:00,11058,5248,11058,2
509817,224763,2025-08-03T21:00:00+00:00,11058,5248,11058,3
509818,224764,2025-08-04T00:15:00+00:00,6961,2355,2355,1
509818,224765,2025-08-04T00:15:00+00:00,6961,2355,6961,2
509818,224766,2025-08-04T00:15:00+00:00,6961,2355,2355,3
511568,226478,2025-08-06T15:00:00+00:00,1184,1001,1001,1
511568,226479,2025-08-06T15:00:00+00:00,1184,1001,1001,2
511569,226481,2025-08-06T17:35:00+00:00,7035,11479,11479,1
511569,226482,2025-08-06T17:35:00+00:00,7035,11479,7035,2
511569,226483,2025-08-06T17:35:00+00:00,7035,11479,7035,3
511570,226484,2025-08-07T15:00:00+00:00,12694,14419,12694,1
511570,226485,2025-08-07T15:00:00+00:00,12694,14419,14419,2
511570,226486,2025-08-07T15:00:00+00:00,12694,14419,14419,3
511571,226487,2025-08-07T18:00:00+00:00,4915,8877,4915,1
511571,226488,2025-08-07T18:00:00+00:00,4915,8877,4915,2
508840,223724,2025-08-08T08:00:00+00:00,17,11060,11060,1
508840,223725,2025-08-08T08:00:00+00:00,17,11060,11060,2
508841,223727,2025-08-08T10:30:00+00:00,8304,624,624,1
508841,223728,2025-08-08T10:30:00+00:00,8304,624,624,2
511572,226490,2025-08-08T15:00:00+00:00,2059,397,2059,1
511572,226491,2025-08-08T15:00:00+00:00,2059,397,397,2
511572,226492,2025-08-08T15:00:00+00:00,2059,397,397,3
511573,226493,2025-08-08T18:40:00+00:00,474,2593,474,1
511573,226494,2025-08-08T18:40:00+00:00,474,2593,474,2
509819,224767,2025-08-08T21:00:00+00:00,188,15072,188,1
509819,224768,2025-08-08T21:00:00+00:00,188,15072,188,2
509820,224770,2025-08-08T23:00:00+00:00,7386,1034,1034,1
509820,224771,2025-08-08T23:00:00+00:00,7386,1034,1034,2
508842,223730,2025-08-09T08:00:00+00:00,8185,918,8185,1
508842,223731,2025-08-09T08:00:00+00:00,8185,918,8185,2
527577,230555,2025-08-09T09:00:00+00:00,1119,731,731,1
527577,230556,2025-08-09T09:00:00+00:00,1119,731,731,2
508843,223733,2025-08-09T10:25:00+00:00,466,5448,466,1
508843,223734,2025-08-09T10:25:00+00:00,466,5448,5448,2
508843,223735,2025-08-09T10:25:00+00:00,466,5448,5448,3
527576,230552,2025-08-09T11:20:00+00:00,1120,11981,11981,1
527576,230553,2025-08-09T11:20:00+00:00,1120,11981,11981,2
509821,224773,2025-08-09T21:00:00+00:00,2,5248,2,1
509821,224774,2025-08-09T21:00:00+00:00,2,5248,2,2
509822,224776,2025-08-09T23:15:00+00:00,2359,2355,2355,1
509822,224777,2025-08-09T23:15:00+00:00,2359,2355,2359,2
509822,224778,2025-08-09T23:15:00+00:00,2359,2355,2359,3
508844,223736,2025-08-10T08:00:00+00:00,878,6199,6199,1
508844,223737,2025-08-10T08:00:00+00:00,878,6199,878,2
508844,223738,2025-08-10T08:00:00+00:00,878,6199,878,3
527584,230578,2025-08-10T09:00:00+00:00,1119,11328,1119,1
527584,230579,2025-08-10T09:00:00+00:00,1119,11328,11328,2
527584,230580,2025-08-10T09:00:00+00:00,1119,11328,1119,3
508845,223739,2025-08-10T11:05:00+00:00,14,278,14,1
508845,223740,2025-08-10T11:05:00+00:00,14,278,14,2
527583,230575,2025-08-10T12:15:00+00:00,1120,12685,12685,1
527583,230576,2025-08-10T12:15:00+00:00,1120,12685,1120,2
527583,230577,2025-08-10T12:15:00+00:00,1120,12685,1120,3
509823,224779,2025-08-10T21:00:00+00:00,2406,11058,11058,1
509823,224780,2025-08-10T21:00:00+00:00,2406,11058,11058,2
509824,224782,2025-08-10T23:00:00+00:00,6961,120,6961,1
509824,224783,2025-08-10T23:00:00+00:00,6961,120,120,2
509824,224784,2025-08-10T23:00:00+00:00,6961,120,120,3
530354,231305,2025-08-13T08:00:00+00:00,8304,11060,8304,1
530354,231306,2025-08-13T08:00:00+00:00,8304,11060,8304,2
530355,231308,2025-08-13T10:35:00+00:00,878,14,14,1
530355,231309,2025-08-13T10:35:00+00:00,878,14,878,2
530355,231310,2025-08-13T10:35:00+00:00,878,14,14,3
511575,226496,2025-08-13T15:00:00+00:00,7035,4915,4915,1
511575,226497,2025-08-13T15:00:00+00:00,7035,4915,7035,2
511575,226498,2025-08-13T15:00:00+00:00,7035,4915,4915,3
511576,226499,2025-08-13T18:20:00+00:00,11479,2593,2593,1
511576,226500,2025-08-13T18:20:00+00:00,11479,2593,2593,2
530356,231311,2025-08-14T08:00:00+00:00,8185,8304,8185,1
530356,231312,2025-08-14T08:00:00+00:00,8185,8304,8304,2
530356,231313,2025-08-14T08:00:00+00:00,8185,8304,8304,3
530357,231314,2025-08-14T11:10:00+00:00,624,14,624,1
530357,231315,2025-08-14T11:10:00+00:00,624,14,624,2
511577,226502,2025-08-14T15:00:00+00:00,14419,1001,1001,1
511577,226503,2025-08-14T15:00:00+00:00,14419,1001,1001,2
511579,226505,2025-08-14T17:05:00+00:00,12694,2059,2059,1
511579,226506,2025-08-14T17:05:00+00:00,12694,2059,12694,2
511579,226507,2025-08-14T17:05:00+00:00,12694,2059,2059,3
530358,231317,2025-08-15T08:00:00+00:00,11060,278,11060,1
530358,231318,2025-08-15T08:00:00+00:00,11060,278,11060,2
530359,231320,2025-08-15T10:05:00+00:00,878,17,17,1
530359,231321,2025-08-15T10:05:00+00:00,878,17,878,2
530359,231322,2025-08-15T10:05:00+00:00,878,17,878,3
511580,226508,2025-08-15T15:00:00+00:00,1184,397,397,1
511580,226509,2025-08-15T15:00:00+00:00,1184,397,397,2
511581,226511,2025-08-15T17:30:00+00:00,474,8877,474,1
511581,226512,2025-08-15T17:30:00+00:00,474,8877,8877,2
511581,226513,2025-08-15T17:30:00+00:00,474,8877,8877,3
509825,224785,2025-08-15T21:00:00+00:00,2355,1034,2355,1
509825,224786,2025-08-15T21:00:00+00:00,2355,1034,1034,2
509825,224787,2025-08-15T21:00:00+00:00,2355,1034,1034,3
509826,224788,2025-08-16T00:05:00+00:00,120,2359,120,1
509826,224789,2025-08-16T00:05:00+00:00,120,2359,2359,2
509826,224790,2025-08-16T00:05:00+00:00,120,2359,2359,3
530360,231324,2025-08-16T08:00:00+00:00,14,11060,14,1
530360,231894,2025-08-16T08:00:00+00:00,14,11060,14,2
530361,231326,2025-08-16T10:05:00+00:00,8185,878,878,1
530361,231327,2025-08-16T10:05:00+00:00,8185,878,878,2
509827,224791,2025-08-16T21:00:00+00:00,2406,5248,5248,1
509827,224792,2025-08-16T21:00:00+00:00,2406,5248,5248,2
509829,224794,2025-08-16T23:20:00+00:00,15072,2,15072,1
509829,224795,2025-08-16T23:20:00+00:00,15072,2,2,2
509829,224796,2025-08-16T23:20:00+00:00,15072,2,2,3
530362,231329,2025-08-17T08:00:00+00:00,8304,624,624,1
530362,231330,2025-08-17T08:00:00+00:00,8304,624,624,2
530363,231333,2025-08-17T10:00:00+00:00,14,878,14,1
530363,231334,2025-08-17T10:00:00+00:00,14,878,878,2
530363,232077,2025-08-17T10:00:00+00:00,14,878,878,3
509830,224797,2025-08-17T21:00:00+00:00,11058,188,11058,1
509830,224798,2025-08-17T21:00:00+00:00,11058,188,11058,2
509831,224800,2025-08-17T23:30:00+00:00,7386,6961,7386,1
509831,224801,2025-08-17T23:30:00+00:00,7386,6961,7386,2
527580,230564,2025-08-20T09:00:00+00:00,12010,731,12010,1
527580,230565,2025-08-20T09:00:00+00:00,12010,731,731,2
527580,232292,2025-08-20T09:00:00+00:00,12010,731,12010,3
527579,230561,2025-08-20T12:20:00+00:00,13581,11981,11981,1
527579,230562,2025-08-20T12:20:00+00:00,13581,11981,13581,2
527579,230563,2025-08-20T12:20:00+00:00,13581,11981,11981,3
527585,230581,2025-08-21T09:00:00+00:00,731,1120,1120,1
527585,230582,2025-08-21T09:00:00+00:00,731,1120,1120,2
527586,230584,2025-08-21T11:10:00+00:00,13581,1119,13581,1
527586,230585,2025-08-21T11:10:00+00:00,13581,1119,1119,2
527586,230586,2025-08-21T11:10:00+00:00,13581,1119,13581,3
530924,231388,2025-08-21T15:00:00+00:00,2593,397,2593,1
530924,231389,2025-08-21T15:00:00+00:00,2593,397,397,2
530924,231390,2025-08-21T15:00:00+00:00,2593,397,397,3
530925,231391,2025-08-21T18:15:00+00:00,14419,4915,4915,1
530925,231392,2025-08-21T18:15:00+00:00,14419,4915,14419,2
530925,231393,2025-08-21T18:15:00+00:00,14419,4915,14419,3
530902,231348,2025-08-21T21:00:00+00:00,2359,188,188,1
530902,231349,2025-08-21T21:00:00+00:00,2359,188,2359,2
530902,231350,2025-08-21T21:00:00+00:00,2359,188,188,3
530903,231351,2025-08-22T00:45:00+00:00,11058,120,11058,1
530903,231352,2025-08-22T00:45:00+00:00,11058,120,11058,2
527581,230567,2025-08-22T09:00:00+00:00,11981,12010,11981,1
527581,230568,2025-08-22T09:00:00+00:00,11981,12010,12010,2
527581,230569,2025-08-22T09:00:00+00:00,11981,12010,11981,3
527587,230587,2025-08-22T12:40:00+00:00,1120,13581,1120,1
527587,230588,2025-08-22T12:40:00+00:00,1120,13581,1120,2
530928,231400,2025-08-22T15:00:00+00:00,1001,397,397,1
530928,231401,2025-08-22T15:00:00+00:00,1001,397,397,2
530929,231403,2025-08-22T17:20:00+00:00,474,14419,474,1
530929,231404,2025-08-22T17:20:00+00:00,474,14419,14419,2
530929,231405,2025-08-22T17:20:00+00:00,474,14419,474,3
530906,231360,2025-08-22T21:00:00+00:00,2,188,2,1
530906,231361,2025-08-22T21:00:00+00:00,2,188,188,2
530906,231362,2025-08-22T21:00:00+00:00,2,188,2,3
530907,231363,2025-08-23T00:35:00+00:00,1034,11058,1034,1
530907,231364,2025-08-23T00:35:00+00:00,1034,11058,11058,2
530907,231365,2025-08-23T00:35:00+00:00,1034,11058,11058,3
527588,230590,2025-08-23T09:00:00+00:00,12010,1120,1120,1
527588,230591,2025-08-23T09:00:00+00:00,12010,1120,12010,2
527588,230592,2025-08-23T09:00:00+00:00,12010,1120,12010,3
527588,230593,2025-08-23T09:00:00+00:00,12010,1120,12010,4
530926,231394,2025-08-23T15:00:00+00:00,2593,8877,8877,1
530926,231395,2025-08-23T15:00:00+00:00,2593,8877,2593,2
530926,232628,2025-08-23T15:00:00+00:00,2593,8877,2593,3
530927,231397,2025-08-23T18:55:00+00:00,4915,2059,4915,1
530927,231398,2025-08-23T18:55:00+00:00,4915,2059,4915,2
530904,231354,2025-08-23T21:00:00+00:00,2359,2355,2359,1
530904,231355,2025-08-23T21:00:00+00:00,2359,2355,2355,2
530904,231356,2025-08-23T21:00:00+00:00,2359,2355,2359,3
530905,231357,2025-08-24T00:25:00+00:00,120,5248,120,1
530905,231358,2025-08-24T00:25:00+00:00,120,5248,120,2
527582,230570,2025-08-24T09:00:00+00:00,11981,12010,11981,1
527582,230571,2025-08-24T09:00:00+00:00,11981,12010,12010,2
527582,230572,2025-08-24T09:00:00+00:00,11981,12010,12010,3
527582,230573,2025-08-24T09:00:00+00:00,11981,12010,12010,4
530930,231406,2025-08-24T15:00:00+00:00,14419,2593,14419,1
530930,231407,2025-08-24T15:00:00+00:00,14419,2593,14419,2
530931,231409,2025-08-24T17:25:00+00:00,1001,4915,4915,1
530931,231410,2025-08-24T17:25:00+00:00,1001,4915,4915,2
530908,231366,2025-08-24T21:00:00+00:00,1034,2359,1034,1
530908,231367,2025-08-24T21:00:00+00:00,1034,2359,1034,2
530909,231369,2025-08-24T22:50:00+00:00,188,120,188,1
530909,231370,2025-08-24T22:50:00+00:00,188,120,188,2
530932,231412,2025-08-29T15:00:00+00:00,397,474,474,1
530932,231413,2025-08-29T15:00:00+00:00,397,474,397,2
530932,231414,2025-08-29T15:00:00+00:00,397,474,474,3
530933,231415,2025-08-29T18:40:00+00:00,14419,4915,4915,1
530933,231416,2025-08-29T18:40:00+00:00,14419,4915,14419,2
530933,231417,2025-08-29T18:40:00+00:00,14419,4915,14419,3
530910,231372,2025-08-29T21:00:00+00:00,2,11058,11058,1
530910,231373,2025-08-29T21:00:00+00:00,2,11058,11058,2
530911,231376,2025-08-29T23:30:00+00:00,1034,188,1034,1
530911,231377,2025-08-29T23:30:00+00:00,1034,188,1034,2
530911,233203,2025-08-29T23:30:00+00:00,1034,188,188,3
530364,231335,2025-08-30T06:00:00+00:00,8304,878,8304,1
530364,231336,2025-08-30T06:00:00+00:00,8304,878,8304,2
530364,231337,2025-08-30T06:00:00+00:00,8304,878,878,3
530364,231338,2025-08-30T06:00:00+00:00,8304,878,878,4
530364,231339,2025-08-30T06:00:00+00:00,8304,878,878,5
530934,231418,2025-08-30T16:00:00+00:00,397,14419,14419,1
530934,231419,2025-08-30T16:00:00+00:00,397,14419,14419,2
530934,233349,2025-08-30T16:00:00+00:00,397,14419,14419,3
530912,231378,2025-08-30T22:00:00+00:00,2,1034,1034,1
530912,231379,2025-08-30T22:00:00+00:00,2,1034,1034,2
530912,231380,2025-08-30T22:00:00+00:00,2,1034,2,3
530912,231381,2025-08-30T22:00:00+00:00,2,1034,1034,4
530365,231341,2025-08-31T05:50:00+00:00,624,878,624,1
530365,231342,2025-08-31T05:50:00+00:00,624,878,878,2
530365,231343,2025-08-31T05:50:00+00:00,624,878,624,3
530365,233353,2025-08-31T05:50:00+00:00,624,878,624,4
530935,231423,2025-08-31T16:00:00+00:00,474,14419,474,1
530935,231424,2025-08-31T16:00:00+00:00,474,14419,474,2
530935,231425,2025-08-31T16:00:00+00:00,474,14419,474,3
530913,231383,2025-08-31T21:00:00+00:00,11058,1034,11058,1
530913,231384,2025-08-31T21:00:00+00:00,11058,1034,11058,2
530913,231385,2025-08-31T21:00:00+00:00,11058,1034,11058,3
542195,233397,2025-09-12T13:00:00+00:00,624,13581,624,1
542195,233398,2025-09-12T13:00:00+00:00,624,13581,624,2
542196,233400,2025-09-12T15:25:00+00:00,14419,2,2,1
542196,233401,2025-09-12T15:25:00+00:00,14419,2,14419,2
542196,233402,2025-09-12T15:25:00+00:00,14419,2,14419,3
542207,233430,2025-09-13T13:00:00+00:00,1034,1120,1034,1
542207,233431,2025-09-13T13:00:00+00:00,1034,1120,1034,2
542205,233427,2025-09-13T15:55:00+00:00,474,8185,8185,1
542205,233428,2025-09-13T15:55:00+00:00,474,8185,8185,2
542212,233445,2025-09-14T13:00:00+00:00,11981,14,14,1
542212,233446,2025-09-14T13:00:00+00:00,11981,14,14,2
542211,233442,2025-09-14T16:20:00+00:00,11058,1001,1001,1
542211,233443,2025-09-14T16:20:00+00:00,11058,1001,1001,2
542200,233412,2025-09-15T13:00:00+00:00,12010,7386,7386,1
542200,233413,2025-09-15T13:00:00+00:00,12010,7386,7386,2
542201,233415,2025-09-15T15:10:00+00:00,878,2593,2593,1
542201,233416,2025-09-15T15:10:00+00:00,878,2593,2593,2
542197,233403,2025-09-17T13:00:00+00:00,624,14419,14419,1
542197,233404,2025-09-17T13:00:00+00:00,624,14419,624,2
542197,233405,2025-09-17T13:00:00+00:00,624,14419,624,3
542208,233433,2025-09-17T16:10:00+00:00,8185,1034,8185,1
542208,233434,2025-09-17T16:10:00+00:00,8185,1034,1034,2
542208,233435,2025-09-17T16:10:00+00:00,8185,1034,1034,3
542213,233448,2025-09-18T13:00:00+00:00,1001,14,1001,1
542213,233449,2025-09-18T13:00:00+00:00,1001,14,1001,2
542202,233418,2025-09-18T15:25:00+00:00,7386,2593,7386,1
542202,233419,2025-09-18T15:25:00+00:00,7386,2593,2593,2
542202,233420,2025-09-18T15:25:00+00:00,7386,2593,2593,3
542209,233436,2025-09-19T13:00:00+00:00,474,1120,1120,1
542209,233437,2025-09-19T13:00:00+00:00,474,1120,474,2
542209,233438,2025-09-19T13:00:00+00:00,474,1120,474,3
542198,233406,2025-09-19T16:30:00+00:00,13581,2,2,1
542198,233407,2025-09-19T16:30:00+00:00,13581,2,13581,2
542198,233408,2025-09-19T16:30:00+00:00,13581,2,13581,3
542203,233421,2025-09-20T13:00:00+00:00,12010,878,12010,1
542203,233422,2025-09-20T13:00:00+00:00,12010,878,878,2
542203,233423,2025-09-20T13:00:00+00:00,12010,878,878,3
542214,233451,2025-09-20T16:00:00+00:00,11058,11981,11058,1
542214,233452,2025-09-20T16:00:00+00:00,11058,11981,11058,2
542210,233439,2025-09-21T13:00:00+00:00,8185,474,8185,1
542210,233440,2025-09-21T13:00:00+00:00,8185,474,8185,2
542199,233409,2025-09-21T15:20:00+00:00,14419,13581,14419,1
542199,233410,2025-09-21T15:20:00+00:00,14419,13581,14419,2
542215,233454,2025-09-22T13:00:00+00:00,14,11058,11058,1
542215,233455,2025-09-22T13:00:00+00:00,14,11058,11058,2
542204,233424,2025-09-22T15:15:00+00:00,7386,878,7386,1
542204,233425,2025-09-22T15:15:00+00:00,7386,878,7386,2
